Wavelength,Illy,Mucilago,Cafeina,Ox,Mi,Ch,Go,Verde
200,0.6345442773896177,0.6139086514665341,0.5067130301625603,0.5977508911538557,0.5847951389581358,0.5797292566066314,0.579250579521127,0.5736584465178504
201,0.63708846982893,0.6217794462423865,0.5083512905227533,0.6011527034325725,0.585903343913302,0.5799575228568571,0.5816446079327147,0.5793219585561913
202,0.6420517836208861,0.6201135644313094,0.5085559584908911,0.5987131906954177,0.5881379664838496,0.5781183255038278,0.5813939476472236,0.5795174651153788
203,0.6484668878613224,0.6271048607285421,0.5110960259526558,0.6061104289155856,0.5917605154522816,0.5810741999850286,0.5840930269514146,0.5784407239323721
204,0.6556518814646837,0.630644144767242,0.5140842673432419,0.6079927056107516,0.5915233161973734,0.5842068374958003,0.583699799695334,0.5801998069502491
205,0.6527957194746957,0.6366130273752691,0.5153968375343917,0.6104828176146677,0.5938345887903639,0.5862427947005837,0.5854644128111104,0.5830419977789821
206,0.6622911484845329,0.6387638349731778,0.5190157405433624,0.6116331425050997,0.596611178989765,0.5875501923563106,0.5865540926067034,0.5846740479814102
207,0.667368311741093,0.6450172532626967,0.5213146393586531,0.6134834143190625,0.5975352735855429,0.5879886971120021,0.5879574854276406,0.5873670561829071
208,0.6715916170059744,0.6487648929810411,0.5242332511891686,0.6183651293036377,0.5992373610031163,0.5908688594406905,0.5901132180647186,0.5861796778271036
209,0.679816362458085,0.653186944131428,0.52688814233264,0.6210067338842439,0.6013129140011301,0.5895642121226609,0.5908567054891614,0.5897002727384099
210,0.6871846181704805,0.6609999530089307,0.5315185477033996,0.626714127227088,0.6050661605371191,0.5931277952227123,0.5937881064131523,0.5903052959639619
211,0.6878724736442363,0.6625440109334911,0.53142183839257,0.6282027122764786,0.6047899823593513,0.592233291083308,0.5933042045346426,0.5928946875435916
212,0.6911087257058952,0.6669516867055886,0.5351581728962971,0.6294668784199062,0.6064971885331291,0.5922342196081338,0.5951705770893054,0.5931221143885355
213,0.6945326383503285,0.6705384961284911,0.5372038970089366,0.6300577937027485,0.6076238605933091,0.5930994182366316,0.5961018792015427,0.5945622581955726
214,0.6986341103341873,0.6720816127838055,0.5398605377290517,0.629979685108514,0.6081924971056033,0.5917029837261503,0.5956135800201533,0.5932281213728027
215,0.7015367833969262,0.6768984760902038,0.5418598920946304,0.6315743670480188,0.6074225523473666,0.5935149895091021,0.595108423174083,0.5955365900517725
216,0.7025573893388509,0.679608886493673,0.5454134816142938,0.6332794473408517,0.6080718600493668,0.5946000791278334,0.5963167751169532,0.5958333289709299
217,0.7033740306610995,0.6815968843341892,0.545395939907622,0.6360432610606968,0.6083650643591044,0.5936007253102421,0.5962458152022054,0.5965690353934072
218,0.7066740498249935,0.6840913888612231,0.5465388050791734,0.6375418136652844,0.6101202178887275,0.5969874775726941,0.5980449950110143,0.5973993388558833
219,0.7028772576691884,0.6831184869111485,0.5486529752595419,0.635262618420877,0.6077955647825982,0.5943503618707151,0.5968285866807391,0.5971465915799347
220,0.7025163360790713,0.6833471519415506,0.5489769610499904,0.635110203542654,0.6093957076455195,0.5960817080229607,0.596851024580901,0.5976752959768921
221,0.7023781557773089,0.6841015358237263,0.5496546187834337,0.6342721281663052,0.6076922484360046,0.5956667700337374,0.5972544152108337,0.5972763589758078
222,0.6972027522443658,0.679518277860769,0.5488237420052912,0.6308656396173066,0.6058066851183842,0.5938338026056225,0.5948023512549439,0.5952618983306627
223,0.6939188264474884,0.6794835628823067,0.5488683728176424,0.6309839638493954,0.6052732819857316,0.5927824589794906,0.5945032886736651,0.5948181049531153
224,0.691513930420232,0.6777151695621936,0.549367486232823,0.6303821074180992,0.6046486595168696,0.5946595928337306,0.5945397478032919,0.5948997947589743
225,0.6857533595662861,0.674005760816317,0.5488158497471111,0.6286640575603749,0.602508789905789,0.5918686082534819,0.5934063804383214,0.5936167273879996
226,0.6830966630616618,0.6695487083003034,0.5482105771984215,0.6261472122651636,0.6009694559694212,0.5907570634282164,0.5916942093967945,0.5910620291446896
227,0.6801472650085267,0.6666458441663529,0.5477462446465198,0.6230308825356976,0.5982249861222122,0.5893343746608533,0.5903376368832932,0.5896759236259755
228,0.673796676864883,0.6621459792752279,0.5468372062373221,0.6198261219985872,0.5975992546086878,0.5878235553500984,0.5888616520751132,0.5892329797422171
229,0.6706731132948853,0.6580104230756362,0.5460797066394226,0.6182988737519415,0.5955898504883935,0.586965550615914,0.5879274351794529,0.5874711176089878
230,0.6667038956436763,0.6554162224679446,0.5457387322996468,0.6153913227919985,0.5945647556211333,0.5852142531406797,0.5870126404442114,0.5867341543318696
231,0.6629303267167308,0.6525634106158336,0.5446759081550292,0.6135247549932369,0.592271725706953,0.584453589876681,0.5850685047097289,0.5848975442773484
232,0.6594633991390253,0.6490493713291836,0.5444174253295376,0.610900356927644,0.590201767920999,0.5825717910458433,0.5840886724868806,0.5824242794886342
233,0.6553114300288341,0.6459998802889257,0.5431433711280244,0.6089290539457346,0.5886939415054988,0.5811812090752936,0.5821541366735089,0.581704266734225
234,0.6529849048770757,0.6429506238802006,0.5430412930841585,0.6069187545530705,0.5869183476955775,0.580397893294501,0.5809994931555525,0.5800882275543775
235,0.6509331538111425,0.6414127700797733,0.5428486599911514,0.6053750212403745,0.5860248356573593,0.5795379084478984,0.5801165737625347,0.5794017635262699
236,0.6485987892684115,0.6391411314893855,0.5419693072277681,0.6039850193594372,0.5853621061784381,0.5785076861353241,0.5793931601870778,0.5781717998768504
237,0.6472534042385112,0.6377909984421971,0.5417156197551783,0.6027791450415649,0.5838571227987914,0.5775011938052391,0.5786034624327655,0.5777651092599594
238,0.6463574159090069,0.6359537038944985,0.5417482989775431,0.6016645055332241,0.5828780558020952,0.5768489517422523,0.5780038194693704,0.5761792365580783
239,0.6446471982658906,0.6345542312057314,0.5409713806685187,0.6013335956401594,0.5822332629413519,0.5755319411795572,0.576725396916982,0.5753076238716193
240,0.6446034396875121,0.6352628857751659,0.541717712965249,0.6003117680334461,0.5823945429792662,0.5761789231364847,0.5772891563277962,0.5757231983517359
241,0.6439795472910749,0.6350412330098519,0.5412699913664223,0.6005394603224266,0.5822675152408981,0.5752399663323231,0.5765152716112498,0.5749989911682619
242,0.6457276057155152,0.6356422595698392,0.542023238866273,0.6011029224114594,0.5821457490466326,0.5763994202526463,0.5770905973980985,0.5754412562706476
243,0.6480354540654345,0.6374169263157388,0.5432711090223675,0.6016826978187507,0.5831738707224842,0.576803685198362,0.5784684993013774,0.5760569627565979
244,0.6492615240926362,0.6399542337934112,0.5443893175686372,0.6027582513535197,0.5845600265850789,0.5770016427959984,0.5783238712264852,0.5768573824101327
245,0.652614728342623,0.64171904228855,0.5452922364175466,0.6040813095780689,0.5848980198244872,0.5784537565617812,0.5793448368420542,0.5773672594030246
246,0.6547627547567558,0.6451434915461817,0.5470745056044228,0.6060433927234288,0.5862496781496865,0.5791188605735108,0.5801734174811307,0.5782482860218126
247,0.6585483469025227,0.6491406777800808,0.548557852265328,0.6090431375418053,0.5880931267198036,0.5803699928826854,0.58203287671597,0.5805544825269904
248,0.6633514994877814,0.6527781078089586,0.5502610749934944,0.6110256449418457,0.5901277882983273,0.581190887824554,0.5828577231290885,0.5815048015084878
249,0.6677914466910824,0.658212678306723,0.5523266319452084,0.6129388744384029,0.5920681584073879,0.583847909804648,0.5837778557385855,0.5832359049169888
250,0.6729694764880616,0.6626015780059971,0.5545703655573798,0.6166748767885991,0.5935757617771633,0.5849774313033451,0.5858924518318653,0.5851027745225109
251,0.6780939165558557,0.6672955965601011,0.5574598982778661,0.62069069553337,0.5959327436047598,0.5871235124163232,0.5878179626991704,0.5874158458534205
252,0.6857838624240724,0.6743119458992123,0.5605260156067754,0.6239938227489543,0.5993002586615275,0.5893539326554955,0.5903613648694181,0.5896135112163816
253,0.6885568471148962,0.6794590912924436,0.5628184458377633,0.6264043468687169,0.601653811100073,0.5907993140974528,0.5916668848155399,0.590463327209633
254,0.6949930145541425,0.6872482919911084,0.565309779180367,0.6300632218422478,0.6035859408846191,0.5928606380981265,0.5930357761848393,0.5933850411175234
255,0.7004051977849995,0.6927866860922318,0.5686522166863421,0.6334110623735738,0.6057261815308511,0.5948587461516344,0.5951907151138417,0.5950789583784929
256,0.7065435054334148,0.6973353468948826,0.5697055911879388,0.6359765708339877,0.6079451610915353,0.5959990617348684,0.5965265863132488,0.5969142659768976
257,0.7113300898265574,0.7019807673743018,0.5727729521586902,0.6390666265222882,0.6098055487623604,0.5977790148915074,0.5981242454137589,0.5993396371586648
258,0.7160008500660522,0.7071570407526416,0.5749812455226473,0.6418842346291616,0.6113375522926173,0.5992940181956365,0.6002698894388604,0.6008019170090224
259,0.7198395997051054,0.7113619682131135,0.5767853789996626,0.6430543348875917,0.613045673583171,0.6003239482401609,0.6006435326397216,0.6015782893631594
260,0.7245708270908587,0.7168631910347528,0.5791125544936355,0.6455833101151679,0.6140598701822428,0.6022904433103747,0.6017268531531785,0.6044031192859848
261,0.7277783582593121,0.7203096015677245,0.5812034535226571,0.6492511166531434,0.6167667073256093,0.6034959036323019,0.6039233667023075,0.6058510116712827
262,0.7313037318608107,0.7210941803195983,0.5824741769357445,0.6495736935739659,0.6164964563343289,0.6040207219585783,0.6038441718188529,0.6063127107838233
263,0.7309463699072376,0.7257363280632942,0.5836920652479187,0.6505027692948071,0.6179609657746801,0.6047956349473214,0.6047375489334943,0.6072925677277797
264,0.7315627932047994,0.728193151412104,0.5850707867552218,0.6513021338764049,0.619248115632078,0.6060412270514628,0.6051765047695079,0.6083214157303765
265,0.7333614087200279,0.7299490244095197,0.5861844617171941,0.6524987464622884,0.6193669223799954,0.606005057006654,0.6056946545483447,0.60811826713712
266,0.7342258827370504,0.7314757461137359,0.586479898561632,0.6525517958048976,0.6198276258617436,0.6064545426162974,0.605364126979197,0.6090430674751888
267,0.7348755134256986,0.7299932242740892,0.5863187519886367,0.653726600585227,0.6188805642111914,0.6058298179569815,0.60649506813006,0.6084172297578883
268,0.7363908109273931,0.7327248535878728,0.5876340253932272,0.6531456139324204,0.6208176797108291,0.6069706868803393,0.6062995472127668,0.6091270560770012
269,0.7359364314646304,0.7334483620463563,0.5882598957162373,0.6537315353560992,0.6204510794438934,0.6076861465009215,0.6066410927999472,0.610000975587587
270,0.7363045331171623,0.7331435155860699,0.5884817499709384,0.6543742228821201,0.620759008698057,0.6071922102615377,0.606679333520206,0.6097354218278813
271,0.7362891184930791,0.735289996629854,0.5885724895362944,0.6531328598442359,0.6209410373654042,0.6069191803283721,0.6063207954510424,0.6098739988440339
272,0.7364789935731525,0.7355016337062169,0.5889609416298497,0.6545216098906952,0.6222070478945922,0.6078551670937143,0.6070910545303225,0.6104790240324766
273,0.7369416011335144,0.736025789309477,0.5897235364189561,0.6559011472703438,0.6218527423282495,0.6085050570060745,0.607795994168785,0.6102565929278989
274,0.7383619983887044,0.7363345600785466,0.5898109862429415,0.654813684566608,0.6222921765402686,0.6090112702341091,0.6086464369977042,0.6110843720461299
275,0.73706461599452,0.737182823502929,0.58924899356331,0.655938059226173,0.6224873350274712,0.6081646390878375,0.6082358557855897,0.6113804311883935
276,0.7366515939385575,0.7389881132169066,0.5894680608094235,0.6557547836734963,0.6214658029031693,0.6084694210416944,0.6080836092195242,0.6109515789448792
277,0.7372037822570163,0.7370316856532217,0.58976636319542,0.655830741738407,0.6222048135350314,0.6089613725585258,0.6083711083752799,0.6113593405884469
278,0.737487422296689,0.737571096034335,0.5893139995732312,0.6554807805830661,0.6222188382759521,0.6090138904513466,0.6086094410457494,0.6116804519316917
279,0.7380123477277448,0.7391547708821306,0.5897650507160555,0.6561160916323251,0.6239243897167364,0.6090908303911814,0.6089479285991827,0.6110899307096009
280,0.7381777820167842,0.738393496399116,0.5898555826956832,0.6553326863755008,0.6224801066262117,0.6092370153966853,0.6092509597092747,0.6101645470296708
281,0.7385251153851906,0.7403988316666263,0.5900998153259763,0.6561947143522262,0.6230410535883582,0.6094892530259765,0.6093149334643987,0.6116489578595007
282,0.7383326237644495,0.7406782083219756,0.5903955472678624,0.6566221128671488,0.6239269813681565,0.6102999580703644,0.6098403825741984,0.6129128346789892
283,0.7381872565257713,0.7401441522796309,0.5907034690630624,0.6560609543773177,0.622914102897076,0.6100715338835828,0.6088765783248244,0.6122381866840063
284,0.7383742611961341,0.7394278108952931,0.5906345773731639,0.6557873524584215,0.6235066438345531,0.6100809320133974,0.6093485232988651,0.6120750628508432
285,0.7373515908452293,0.7386082734050103,0.5896419399802957,0.6539379549412841,0.6225507274233224,0.6086838649995191,0.6083661087978665,0.6118850461578015
286,0.7378189870847911,0.739393813683674,0.5910303945012801,0.6558019485399635,0.6241060036091607,0.6092724344856083,0.6094913643291284,0.6123686666821847
287,0.7386638188087324,0.7408380274489289,0.5903817677217621,0.6558590096183017,0.6239603889241933,0.6105513524581394,0.6104902203951289,0.6123861397941158
288,0.7383946749237869,0.7425162205733132,0.5909320250433898,0.6567729146040446,0.6238195666786646,0.610727725961764,0.6093669389844516,0.6125175547402424
289,0.7376528708360705,0.7417856868060285,0.5907598788122524,0.6557147390163335,0.6236789411177076,0.6106344724891966,0.6087069988092666,0.6129609645471946
290,0.7378867492316596,0.742043163736419,0.5911914951599632,0.6561279542715722,0.6238548236339992,0.6098262189283474,0.6091908002339099,0.6124236703408567
291,0.7387188050279568,0.7426139165054949,0.5919210012238176,0.6564353010431615,0.6236581759934988,0.6107864020310759,0.6100188830364075,0.6122022811116835
292,0.7399815012317155,0.7430742479782857,0.5912401882352115,0.6564881293039715,0.6242924571009343,0.6102402611606204,0.6099297011178461,0.6117609969160384
293,0.7364643090844594,0.7423141701441606,0.5907060132690312,0.6563973365538457,0.6237565762509455,0.6096802590755974,0.6100344166303783,0.61275819582743
294,0.7370303599151536,0.7434144563041833,0.5903651740176399,0.6559142664046275,0.6237068268992417,0.6093174769208367,0.6095466114718736,0.612453933029066
295,0.7394654386225487,0.7437899339663764,0.5899123537090711,0.6569624480493723,0.6236147152597704,0.6102921430798877,0.6092787555856749,0.6123612328276281
296,0.7391858598882245,0.7439824781666681,0.5895853803698005,0.6564886429223571,0.6235905760370507,0.6108138922435635,0.6085042482406275,0.6131920141975447
297,0.7377947158323651,0.7441988512158105,0.5888857571568642,0.655517944395918,0.6232990950661874,0.6100677833765472,0.6095072991309283,0.611916840817292
298,0.7392012461860294,0.7448622207227811,0.5886405813156022,0.6560706574980373,0.624120774054081,0.6106471225634035,0.6096976891552432,0.6127326356061241
299,0.739276594272383,0.7441208658903875,0.5879908991941832,0.6552615573323206,0.6230234265020205,0.6102821730853162,0.6093560578911617,0.6121564563148868
300,0.7392760717344103,0.745609198571591,0.5862941629356492,0.6561617778123764,0.6237747719147122,0.6108457379301465,0.6096975058182815,0.6129120641925576
301,0.7398829770268304,0.746884082505613,0.5847717327789328,0.6559742368305789,0.6236227414017678,0.6110899021272009,0.6093178423133637,0.6129667823223631
302,0.7387707679041862,0.7472827776140359,0.583456271095577,0.655367450609095,0.6226536733936994,0.6105385858572225,0.6083737823274985,0.6122615765792025
303,0.7395290857614824,0.7475024652920848,0.5805727433706823,0.6558234842756839,0.623351637974452,0.6109335271132228,0.6090892879811953,0.611818765897547
304,0.7400818305879748,0.7465781038954427,0.5777429508621729,0.6545722677939564,0.621847056253081,0.6102670142480688,0.6091562363933237,0.6130129139336224
305,0.7401422112242396,0.7479668016448912,0.5751467863245472,0.6551751029454266,0.6233245629206068,0.6108068800677824,0.6094740105382518,0.613372700834241
306,0.7400414359085484,0.7475380022604445,0.5701603251478001,0.6551882269051235,0.6226929497630065,0.6112283203205626,0.6097013701215838,0.6134572557488052
307,0.7390350966801835,0.7499592715048907,0.5651482508862705,0.6538359035463653,0.6232380828328838,0.6104602997646675,0.6092321992084403,0.6134001676396146
308,0.7411637944017124,0.7505918370709633,0.5592223302089055,0.655024260217744,0.6226369836038298,0.6104823771405127,0.6096900314204311,0.613068892293451
309,0.7396808892849621,0.7490019123091419,0.5531022257772232,0.6549042053329894,0.6214630643646034,0.6104641921054583,0.6081347180141974,0.6115754170301717
310,0.7422410838658645,0.7524449973440054,0.5466459281713588,0.6558009272111384,0.6227952013695852,0.6111569723334297,0.6094213332740879,0.6130735511920715
311,0.742466493237724,0.7504319562524786,0.5397060177971227,0.6552553088019741,0.622365516513103,0.6106327366099484,0.6098161657414511,0.6142627905908221
312,0.741882852282925,0.7508759113147716,0.5328428859801393,0.6542663337885153,0.6225188915463856,0.6095956738994154,0.6089367966368575,0.6131067955065054
313,0.7446843671018991,0.752630572134903,0.5275805811887618,0.6552467520456217,0.6229883403797113,0.6110433553394955,0.6096351460698956,0.6136459750021762
314,0.744132689959275,0.7540681325824163,0.521713310353309,0.6557421712198025,0.621960027860865,0.6106834448633244,0.6088250099879295,0.6138550905570047
315,0.7412384390782234,0.7506539086922002,0.5163851841618406,0.6550461840702156,0.620737337683002,0.6106251815271244,0.60808495640748,0.6130152130282408
316,0.7439798001613415,0.7536185654000352,0.5127050751790404,0.6546764729379122,0.621535880177149,0.611138385141476,0.6086391764000402,0.6129608481857831
317,0.7447678923657474,0.7517802622419198,0.5086725520446872,0.6559129459117293,0.622298456813281,0.6113233300321319,0.6093083994651477,0.614042179236098
318,0.7445027293773184,0.7563638176760213,0.5061114803439655,0.6569745026892436,0.621105925633849,0.6108700206562213,0.6091067187743652,0.613168316877692
319,0.745514303942583,0.7569331572581005,0.5045783462943515,0.6563899161679071,0.6220969546782673,0.6114211915249074,0.6086570216242069,0.6132178744617319
320,0.7462620074767142,0.7571070624558442,0.5030075119390316,0.6572321950237111,0.6219874943736428,0.6115070630685036,0.6080178947249858,0.6132379081210759
321,0.7456418236173066,0.7588485238808614,0.501927168425615,0.656173538298044,0.6217313142454455,0.6121970970627284,0.6078468384831573,0.6136830882727988
322,0.7451981038277332,0.7576184031816207,0.5012514495857129,0.6563740077046069,0.6215698880579719,0.6120370640164531,0.6087107711137495,0.6133002347636729
323,0.7463896938819872,0.7617803160561919,0.5004375539914538,0.6572304506845009,0.6221102847763532,0.6126543674481233,0.6084063906130613,0.6141492659143649
324,0.7469787231673866,0.7609676057704249,0.5004934789366101,0.6579897894067942,0.6207813722236435,0.6116250561583211,0.6075827856595973,0.6139521537466299
325,0.74629155136907,0.7609953018314866,0.500650722995966,0.657183320041914,0.6220419418353597,0.6133602620734231,0.6084694350007892,0.6140808562167591
326,0.7479009446305125,0.7621505330302735,0.5004205346642641,0.6574357041063326,0.6216289190802464,0.6131671511164327,0.6077783498980528,0.614948156211674
327,0.7466230775992131,0.7620388152261667,0.4999934645844698,0.6570253990204534,0.6219607235442383,0.6125119207757299,0.607493074015768,0.6143276781618286
328,0.7491271826555107,0.7652326712968367,0.5005255272597983,0.6585035671879103,0.621972471544086,0.6131459214955172,0.6091020067286032,0.6158776330285538
329,0.7481451768835854,0.7666270907342692,0.5008116761411303,0.6590746776954738,0.6222591793017676,0.6139280227483092,0.6094711677671918,0.6153527641335357
330,0.7476691443168798,0.7646202655545931,0.5006815172178264,0.6585602793532914,0.6221972868863305,0.6136880962762882,0.6084078951846621,0.6158253187193394
331,0.7475198392214287,0.7662744313431874,0.5010089162604987,0.6579493126210869,0.623072083578044,0.6143451217478387,0.6089130103181298,0.6161488773727594
332,0.7498283469483921,0.768123117806042,0.5016458291241899,0.6585924245960836,0.6231740030207128,0.6146324071705215,0.6088601649407571,0.6148213510807545
333,0.7504521298187259,0.7662805762172684,0.5008746229548291,0.658940933987298,0.6233349213866097,0.6145660351727217,0.6085419185981602,0.6161607154792839
334,0.7515806619981332,0.7699280149307944,0.5022918637397378,0.6615531313146101,0.6239994443726966,0.6160101092006859,0.610297943979143,0.6175466361261003
335,0.7508412586327619,0.7691097792099509,0.5016541507367238,0.6593488380354109,0.6226606587107777,0.615229401308277,0.6101599149525165,0.6164437196330348
336,0.7533159120015043,0.7694511546925852,0.5020281980762584,0.6601727104306294,0.6229283146677469,0.6162200905194467,0.608868462245018,0.6174181832371562
337,0.7517055748467613,0.7722131363993605,0.5030220251908222,0.6606516786598072,0.6242783579338884,0.6167469517076298,0.6095708792639378,0.6178757249704184
338,0.7500068246319301,0.7726756682050919,0.5024909275019207,0.6614904383759787,0.6230888558771305,0.6164432538324797,0.609001924888718,0.618022028356557
339,0.7558611134384806,0.7758239844341626,0.5031494445548313,0.662237410855254,0.6234010820555639,0.6174982833365223,0.6107633921093242,0.6191970379575203
340,0.7568653139795244,0.7747284669065374,0.5036036254296877,0.6613215150032752,0.6252772579155552,0.6197511422377572,0.6106613539605346,0.6192411918263507
341,0.7547068108410969,0.7761762624168623,0.5032481546703735,0.6618761503169335,0.6251180893677805,0.6181754162794552,0.6114083196498242,0.6195634398665186
342,0.7558779639099873,0.7758289059127242,0.5038203063307577,0.6615678886050517,0.625421365984777,0.6179236075106636,0.6102190137912586,0.6205703219239368
343,0.7524792347976655,0.7783137298595092,0.5040469648476847,0.6633042878986465,0.6249865185806648,0.6176078594042036,0.6114485888777216,0.6203894111686572
344,0.7552206986910515,0.7770992821388046,0.5035982236220103,0.6632843576459854,0.6251856598377132,0.6191571699848034,0.610707491065933,0.6206396841031745
345,0.7556854108158583,0.7776522478365605,0.50388505362927,0.6636259576902696,0.6255672315535351,0.6192073502139064,0.6117220896408376,0.6210185832139951
346,0.7576990667844958,0.7799894512986715,0.5044172692950316,0.6646900645314807,0.6253000919286331,0.6188796113603153,0.6109777987845618,0.620465394725568
347,0.7580565510666638,0.7785897701667139,0.5041651473427643,0.6637537236123121,0.6263418005845186,0.6194690923232166,0.6108367562990579,0.6217371047236909
348,0.7589541200779284,0.7816903499095714,0.5054225702144253,0.6653668323063725,0.6266777771186058,0.6213814582667705,0.6125429039829152,0.6216654946430158
349,0.7597675263948402,0.7815765903528357,0.5051742552711156,0.6655784661438711,0.6269080146425385,0.6220106494249013,0.6109202292854287,0.6218914313186971
350,0.7649457369736691,0.7915963814206015,0.50345718220497,0.6829808586424366,0.6454724145527027,0.6392737788777838,0.6321413929477468,0.6390738517914583
351,0.7658576828698558,0.7922182641641751,0.5038794314902809,0.6832042513025106,0.6455933365226649,0.6393864878909395,0.6317901972031952,0.6396236859389427
352,0.7651722746266117,0.7903572952673534,0.5035499283091585,0.6832528732206201,0.6452135256634509,0.6392362277996426,0.6313654256232161,0.6391530095584148
353,0.766128351202198,0.7934522183046542,0.5045754261196823,0.6845454180488968,0.6462539986204775,0.6408126799705497,0.6322705510075092,0.6396417642496433
354,0.7662697806219295,0.7941905794389358,0.5044420959514594,0.683398810693344,0.6464422164809559,0.639769894884399,0.631301468516771,0.6402201663079312
355,0.7682131411610882,0.7946745575610966,0.5046537726845965,0.6833196872881594,0.6462690864193059,0.6413427501420375,0.632791065356383,0.6404784143006954
356,0.7675655157119622,0.7954466953855976,0.5051954260079948,0.685734524342535,0.6469856830032297,0.641312615044239,0.6331893280479974,0.6403610633356912
357,0.7674097521366655,0.7949877307899185,0.5048495432337451,0.6843352196055693,0.6466610939385541,0.6403271412687918,0.6323983290743285,0.6401519691315743
358,0.7681215324721461,0.7950507966724821,0.505587780673778,0.6845750965091321,0.6479892857448627,0.6416941453069899,0.6330672186982006,0.6411250832188002
359,0.7675568647347748,0.7964676942246541,0.5056524548970304,0.6847962430644741,0.6477128376952027,0.6419586118417725,0.6327441181083131,0.6414554273880874
360,0.7684490619023656,0.7968081982382293,0.5059052607976973,0.6845304941170479,0.6473442470148003,0.6420314295091437,0.6327707185645406,0.6412806651000263
361,0.7686080115793879,0.7977386456869915,0.5061727874045325,0.6853853890140382,0.6480644231518142,0.6422366864909481,0.6329372278388182,0.6412418860107578
362,0.768578312196244,0.7978795175731643,0.5063800021301748,0.6857716007329692,0.647869946238679,0.6431969779182246,0.6330111055492212,0.64209910756419
363,0.7684535101656071,0.7990414701850355,0.5067443782717552,0.6868957257663105,0.6493103930119438,0.6430689538915578,0.634074103646459,0.6424869659569553
364,0.7678284593556742,0.7985947494497877,0.5068500114838155,0.6854591880754783,0.6479451860003812,0.6437459158669786,0.6333607883070472,0.6417824030307533
365,0.7686025556424956,0.7994305498125693,0.5071105588512819,0.6867444435381872,0.6480450963281758,0.6437823025971563,0.633482638293223,0.6422382971336191
366,0.7692598794245276,0.7985279631028537,0.5073467451388771,0.6856914673568848,0.6484771857403298,0.6443158040090982,0.6336380311542387,0.6422912333931998
367,0.7688342477571878,0.8004261688385924,0.5075960720863818,0.6865228406055482,0.6489950072717131,0.6444390771609901,0.6338517636259211,0.6426773064767575
368,0.7683662774400334,0.8006532788748599,0.5077175919914062,0.6864931842116346,0.6489678346877413,0.6446747928559929,0.6337036868504355,0.6423788126946696
369,0.7692032553647005,0.8005248346999105,0.5075242710653918,0.6867929279178016,0.6491022528660177,0.6448579429709937,0.6338816735219771,0.6421967687867278
370,0.7695892761213307,0.8012323885069256,0.5080816669995705,0.6871585514551344,0.6491650945195371,0.6455209865634788,0.6338637160718251,0.6428324914353576
371,0.7702586702312518,0.8021117501399517,0.508177608394094,0.6871292824106479,0.6495968480842815,0.646043542692091,0.6340592367395499,0.643032486234792
372,0.7701664552452762,0.8017626415019137,0.5087416340949081,0.6864956803573792,0.6501266130051555,0.6463545490323533,0.634402698997904,0.6422940581036646
373,0.7712688437525242,0.80170615027781,0.5088451304363734,0.6869485654239098,0.650698310615847,0.6462391481430483,0.6344511048497913,0.6433893383654578
374,0.7708919146179193,0.801665277837582,0.5089070914740313,0.6867592452780106,0.6500421954408135,0.646217297701688,0.6340108755821022,0.6432183036466586
375,0.769741002771803,0.8012901596067895,0.5085988522693189,0.6873298301671642,0.6498491394033378,0.6461689431933709,0.6336673922295337,0.6426047632001998
376,0.7710164450026343,0.8035840455992779,0.509345382085259,0.6873588153543924,0.6506415674613898,0.6468279872782794,0.634031130765621,0.6428460917220231
377,0.7705912001245394,0.8021995887185341,0.5095176938993629,0.6876449812867649,0.6511968910657876,0.6475646900978775,0.6343264170792012,0.6426470666249611
378,0.7701309436821907,0.8016243554050522,0.5092828666270358,0.6867066064244238,0.6502456996027439,0.6468411976232247,0.6342439866596599,0.6429009854527954
379,0.7703330014473833,0.8022634731974323,0.5096901045768294,0.6878140297470465,0.6509860337307988,0.6479895645544254,0.6343415667729797,0.6426725893232945
380,0.7709801411866485,0.8020564672043957,0.5100488300390642,0.6878486104191521,0.6512691585959539,0.6478279199183395,0.6345592438721545,0.6430828493828579
381,0.7708583708978427,0.8029254119140056,0.5100672183243838,0.6875447176939316,0.6513889993767669,0.648061135350799,0.6342802380031278,0.6425954680201341
382,0.7719364933787451,0.8024905636411369,0.510221385227756,0.6880669771628365,0.6516903591585393,0.6483128880357735,0.63485609649226,0.6425258257204174
383,0.7714214326882667,0.8029338182231646,0.5104828118609848,0.6886877435395407,0.6522931082894722,0.6482873509192749,0.6346769727020735,0.6422357390909184
384,0.7729887674489709,0.8028576604510207,0.5107693329720654,0.6882036654367701,0.6521950261797786,0.6491381438882249,0.6347943630275669,0.642599649833929
385,0.771666282806398,0.8013299170645203,0.5105750320860543,0.6875774241145041,0.6522003101972133,0.6483638191439092,0.6345757358991196,0.6417948793193069
386,0.7719599197614646,0.8021810384650683,0.5108343817798395,0.6877963501566409,0.6525296666000148,0.6488401299110609,0.6346836044424297,0.6421061671313752
387,0.771533623195385,0.8028764689829976,0.5113923534242303,0.6883540880489962,0.6522438505609492,0.6495437427255538,0.6346586575254561,0.6419479512155998
388,0.7718051008702488,0.8027874200748718,0.5113147447493522,0.6881939623919641,0.6523765732608036,0.6496209159076484,0.6343749669757323,0.6414373614837426
389,0.7722752588664599,0.8031309602899948,0.5114065456504543,0.6879059392846225,0.6526593129404789,0.6498219297590435,0.6343245787385334,0.6414894027558852
390,0.7718426730117828,0.8029879997352055,0.5115456363006683,0.6884377013124785,0.6529559011896385,0.65039769068575,0.6344246170586718,0.6414366840633376
391,0.7721633563757383,0.8024967079895755,0.511641781399867,0.6882467992284936,0.6528921636954141,0.6501181360866849,0.6344965219208777,0.6415111861356744
392,0.7715876662160672,0.8024027815598894,0.511826410928163,0.6880812138912243,0.6532953119437643,0.6500880458836011,0.6348773390655915,0.6412246989429707
393,0.7721857153671521,0.8020673351873533,0.5118565582248213,0.688348151372188,0.6530980583805056,0.6502021821620815,0.634375179201357,0.6408627907656881
394,0.7722667656822099,0.8026383947832179,0.5121717862405984,0.6885080809988187,0.6534056351186696,0.6509888121737708,0.6346772741384693,0.6409781082780451
395,0.7723000145576508,0.8020433059792977,0.512377319158284,0.6884588763014962,0.6532767091208953,0.6511142575201918,0.6344945923052755,0.6407313550482873
396,0.7718486694974167,0.8020506109940344,0.5122971609321502,0.6884529763261821,0.6533355274510705,0.6512261816962062,0.6343238186761669,0.6401381075901048
397,0.7725041992801542,0.8025936863300375,0.5124843268781888,0.6889385497122353,0.6536701790746888,0.6513913158440652,0.6346734264574992,0.6402315054218198
398,0.7722161918838277,0.8017984443639742,0.5126649606149803,0.6887525266868911,0.6536119879711361,0.6515987735810249,0.6346879489925228,0.6399447794776942
399,0.7719482936888713,0.8013927433021285,0.512915154967275,0.6888794533840277,0.6538622350209007,0.6514329791436677,0.6348979993274732,0.6402503692097621
400,0.7726258146809613,0.8014041989007489,0.5128660896365856,0.6890292483307999,0.6539495810205895,0.6521541242320612,0.6353352556623114,0.6399188537505867
401,0.7721595257960162,0.8017472137519858,0.5130305304954688,0.6888583620019649,0.6542419704131403,0.6519352449926163,0.6350904120270419,0.6397370932461373
402,0.7729583651903712,0.8020262220118733,0.5131114172077312,0.6893561918786245,0.6539302886080065,0.6523510253182433,0.6353632782502365,0.6395609155598649
403,0.7730000439294958,0.8014851022073951,0.5132378118637202,0.6893991968878745,0.6544128716151303,0.6526407892273861,0.6350347580611901,0.639499770795749
404,0.7731394569679366,0.8022171136742032,0.5134940876794933,0.6891596506300156,0.6543761150588268,0.6523173626107865,0.6353168512637302,0.6391441377569871
405,0.7734555890924081,0.8015830216227555,0.5135321488615612,0.6895997922198693,0.6547773099211588,0.6528771948238185,0.6354400147275443,0.6394222765336153
406,0.7733075940048373,0.8010986290134678,0.5136305970272691,0.6893483400798178,0.6546963931620269,0.6528644489403688,0.6356265587700215,0.639114152116975
407,0.7729288495241378,0.8010723702683065,0.5135335201605917,0.6892450980946369,0.6546520251711745,0.6532074064811699,0.6354195406127163,0.6389772699746491
408,0.7730964563000388,0.8012958686102151,0.5136349926826009,0.6892906727613479,0.6547472523128286,0.6531413069468837,0.6352266914721955,0.6386649623925943
409,0.7732643449054836,0.8004398889230212,0.5140048030593465,0.689760834575322,0.6550582365307173,0.6533856805139645,0.6356153477654957,0.6384257707278551
410,0.7734077306676722,0.8007508534607671,0.5140046144951573,0.689896949905801,0.6549649782817824,0.6535184406807343,0.6356430822425487,0.638476440263212
411,0.7734772765635223,0.8006632462931225,0.5139769503285466,0.6900312039614774,0.6554091599323614,0.6538409893677677,0.6356510586995975,0.6383635462383322
412,0.7736886546067747,0.8010702696618283,0.5140463969546346,0.6900969875888472,0.6552995425989452,0.6537908312871514,0.6358211309414536,0.6383543693695424
413,0.7740686491404168,0.7999847236126358,0.5141571688040002,0.6906414371981355,0.6554637625150891,0.6536266322889129,0.6359158894195435,0.6384918619182404
414,0.7735139930948293,0.8003520590306602,0.5140899698246659,0.6903621439440557,0.6555101541182704,0.653804556200991,0.6356532943745407,0.6378813984784345
415,0.774211586438613,0.800130616147123,0.5142710329383374,0.6903764675322782,0.6554926649541908,0.654301144269526,0.635839331021998,0.6379396185493328
416,0.7739807508580622,0.7996226110735091,0.5145301659618328,0.690790525571741,0.6559737467082376,0.6542213074918519,0.6362210243873095,0.6381881412839676
417,0.773917790765297,0.7993790131076093,0.5144267544985873,0.6907518346435895,0.6558073959238354,0.654659021777067,0.6362774993167106,0.6377307230814729
418,0.7744141345866686,0.7994888489306897,0.5145429444841975,0.6910719464964897,0.6560091677960084,0.6549811642437673,0.636363137488495,0.6375076836567909
419,0.7744890621063374,0.7995578420857938,0.5147870898525798,0.69116787421396,0.6564122214908122,0.6547122052230792,0.6364723300914843,0.637595984489973
420,0.7747828439983784,0.7992524530975053,0.5147513473853824,0.6914890306071669,0.6561463906693096,0.6551444789089123,0.636644778282706,0.6376510548908805
421,0.7739945823189743,0.7988204584517433,0.5148455529302546,0.6913165503445658,0.6564549618165412,0.6553587797983885,0.6366557307903014,0.6374210500938824
422,0.7742035955868197,0.7986946547411191,0.5148160202421954,0.6915788257575909,0.6563557926016104,0.6553690406681361,0.6366813388753242,0.6371899691054709
423,0.7738923453972788,0.7985194543388741,0.5149578772184935,0.6916670929274699,0.6565632717671237,0.6554365217334545,0.6366585818550039,0.6371174189647618
424,0.774535271416059,0.7982973464605897,0.5151046162268492,0.6916548548844217,0.6567689245204591,0.6556793204620442,0.6367726837067266,0.6370981609684703
425,0.7750320346121331,0.7983887156826713,0.5151200638814161,0.6920733213161977,0.6570957395872743,0.6559347360576221,0.6370640735094608,0.6370849739546329
426,0.7746188540176612,0.7977180942028096,0.515250476933603,0.691873752685784,0.657192103168322,0.6561193345189279,0.6370309377371566,0.6368193685262872
427,0.7747951170717,0.7977073931146749,0.5152735054787594,0.6923815516091311,0.6569894813060497,0.6562638829806404,0.637000960885662,0.6367154198153031
428,0.7749365566272188,0.7974149452241415,0.5153499385619738,0.6920803430918459,0.657233637923508,0.6558070767360521,0.6372407981613015,0.6363759888294276
429,0.7746723277669066,0.7966714612850725,0.5154524857044062,0.6925896091332069,0.6573108245655753,0.6565763141225569,0.6374088245854365,0.6366573367286315
430,0.7744485575492683,0.7966504597965467,0.5153834263512795,0.6922850226796239,0.6572726666230727,0.656562565051046,0.6371199011623092,0.6362231994445171
431,0.7740909039199018,0.7958678594000045,0.5153888693158781,0.6922520161194583,0.6573212333983096,0.6563654984168231,0.6370070063078651,0.6357985102687177
432,0.7743413757353512,0.7960013918179409,0.5156193801206144,0.6923532876525773,0.6574632977891883,0.656665914471103,0.637407771048197,0.6360916392070621
433,0.7740033984550395,0.795338097806254,0.5156347759571985,0.6927036804724426,0.6576065034557199,0.656982346336664,0.6376983756248308,0.6358967449857613
434,0.7737801571463355,0.7950260706017638,0.5157164336933684,0.6927135844936075,0.6575307663999054,0.6570458238295153,0.6377367710418878,0.6355724094539569
435,0.7737758059372295,0.7944886956871263,0.5156825320859735,0.692461637629966,0.6576649966122327,0.6567491046915526,0.637325932913067,0.6354469771162236
436,0.7733818640557293,0.7934686286207299,0.5155523618474414,0.6924674803897172,0.6574736552019841,0.656757126625275,0.6375596919213421,0.6351746568769876
437,0.7733408648061212,0.7933143284474571,0.5157143853975693,0.6927173201955321,0.6575773864175721,0.6566889146141422,0.6375064837478214,0.635117359256667
438,0.7738135293941908,0.7933514730217698,0.5158543885395883,0.6928098305452642,0.657666790537688,0.6570176170099097,0.637793568314618,0.6350642185212366
439,0.7731901813462868,0.7924147096334003,0.5159622451550023,0.6928738573853036,0.6578954010097895,0.6570942339012514,0.6377242564826389,0.63481717399596
440,0.7734623802237733,0.7922967796297034,0.5157836813604303,0.6927593218430929,0.6574579684037528,0.6571026232310733,0.6375559814458873,0.6344872458676446
441,0.7732048499541245,0.791801793617072,0.5159078361387955,0.6928509021129332,0.657827964486566,0.6571352181515054,0.6378969221438768,0.6343375184250741
442,0.7730050783535262,0.7912335060484491,0.5158961172816086,0.692892187277552,0.6578842491625928,0.657440730454255,0.6378156060882061,0.6344448052600955
443,0.7730617016911614,0.7906184706041275,0.5159610957887332,0.6930408133562054,0.6577375963908761,0.6575212459807612,0.6379791178564552,0.6340550221735468
444,0.7732357542597313,0.7904200971482548,0.5159803320811382,0.6928863111370334,0.6578361241203672,0.6573614117513163,0.6377283732370995,0.6336580084968145
445,0.772878688325741,0.7896336561850034,0.515983496200271,0.6930372836579011,0.6579112535816972,0.6572696076044517,0.6377982343388998,0.6338187645630714
446,0.7731240892384091,0.7893595278457153,0.5159975683311708,0.6933665938385237,0.6578084009152617,0.6574845098239666,0.6380089157262997,0.6335209442770584
447,0.7725347384666722,0.7884889218983624,0.5159528879505272,0.6933178243406768,0.6579569172263142,0.6574184046284571,0.638005062751551,0.6333108169770651
448,0.772568823037839,0.7888244421292242,0.5160385167740312,0.6932053689186287,0.6580843173692738,0.6577575376971936,0.6380801737084862,0.633180859025832
449,0.7724580380095678,0.7872211714300904,0.5159566917221367,0.6928689278774522,0.6577357581469168,0.6574479791684206,0.6383395889519065,0.6328568908242889
450,0.7724496852494493,0.786864498171509,0.5159455453345564,0.6933978268761657,0.6582230356439492,0.6576469507505035,0.6380500283757395,0.6327372162709014
451,0.7721735964843122,0.7865169575825766,0.5159333633921307,0.6933524113099157,0.6580367838647656,0.657643233911439,0.6380252055965627,0.6323600393923315
452,0.7720988512413569,0.7856468886607866,0.515796571304996,0.693008589979107,0.6579122498734495,0.6576615601150325,0.6381386601593706,0.632041512903852
453,0.7719923776526353,0.7853270876063779,0.5158455213134465,0.6932826428443185,0.657980427393853,0.6577346552141059,0.6383679059855546,0.6318356399961521
454,0.7721340666535541,0.784427251564035,0.5158293028565406,0.6930936133237997,0.6579813809171123,0.6576376587562245,0.6382221102519562,0.6316792001372254
455,0.7717226438625889,0.7838307533724519,0.5158121130650041,0.6932351262581382,0.6578517523484898,0.6575674519598079,0.6382092311960363,0.6314878653131722
456,0.7719463185846085,0.7831617033193914,0.5157973528971698,0.6933681761808811,0.6580700683313457,0.6576113209949304,0.6382183963707341,0.6312814937463281
457,0.7718849026305231,0.7826900619870499,0.5157481788070405,0.6931893076376698,0.6579380907819987,0.6576165275851961,0.6383406878375598,0.6310061335799797
458,0.7715304315936271,0.781729920192176,0.5156327196402022,0.6928189118803673,0.6579169714144918,0.6575481252845663,0.6383121212653274,0.6307236275316773
459,0.7715006879160947,0.781371567301983,0.5156604490517048,0.6931815075867658,0.6579795822667216,0.6577776770203997,0.6383112423861275,0.630413187600408
460,0.7709574836320412,0.7805089871666528,0.5156235022754886,0.693164544433174,0.6578546531077625,0.657561146173611,0.6381967194468016,0.6302285917681177
461,0.770650815199643,0.7794348714565164,0.5154342856462348,0.6928427498136712,0.657851146237889,0.657422092938762,0.6381922382327205,0.629620448814854
462,0.770759420923295,0.7787340566753473,0.5154288092654772,0.6927481687870102,0.6577530819613017,0.6574596298130168,0.6381569982396403,0.6295381072320974
463,0.7703236246518156,0.7778855907079124,0.5153891015896366,0.6928163478856495,0.6576667040760055,0.6577547906834743,0.638342574197047,0.6294193614683323
464,0.7704550020039134,0.7775215709212661,0.5152618693738706,0.692585619736968,0.657801909289086,0.657654341662279,0.6381199777822744,0.6289219587589532
465,0.7703488865362297,0.7767244241977773,0.5152915377131055,0.6927459926631105,0.6576939620373535,0.6575791142016486,0.638216896253951,0.628746998351765
466,0.7696544419764234,0.7760245325895123,0.5152126515777502,0.692357912236381,0.6576133949615122,0.6572224184382115,0.6382701633751741,0.6283825817544648
467,0.7699580744060244,0.7753345591906253,0.515184110527306,0.6921771618720193,0.6579015728716874,0.6575546679586592,0.6382674728899422,0.628294988753923
468,0.7696138270836878,0.774517909534111,0.5151883613117966,0.6922855077147928,0.6575903240318518,0.6574616579921263,0.6380935498413121,0.6278677846460217
469,0.7695382661357867,0.7738635883241876,0.5151059948115577,0.6922528433497833,0.6574372141034897,0.6572860453076841,0.638159082683963,0.6275653745279974
470,0.7691026854038019,0.7728417443350447,0.5149106839125902,0.6921288217904409,0.6573232592292582,0.6571071838051716,0.6380922889296149,0.6273990855754902
471,0.7687674196964019,0.772209505086263,0.5148476291615068,0.6919082849330684,0.6574806469320557,0.6572306229777216,0.6381254615327246,0.6268668224959181
472,0.7686386222367008,0.7714122139230083,0.5147686003675142,0.6917637461363965,0.6572935647373453,0.6573062130505929,0.6381774789002422,0.6266351693609757
473,0.7683534776965635,0.7707240704463449,0.5147344487042431,0.6919141739405067,0.6573666937088896,0.6572087454770212,0.6382054262895209,0.6263923122009959
474,0.7683290536274415,0.7700742212445871,0.5146643580415454,0.6915849978488194,0.6574812727773522,0.6573768702456236,0.6380734314376516,0.6262502835968865
475,0.7680913904556587,0.7692771287289207,0.5145883703580285,0.6914913133433119,0.6572074320728072,0.6571832769856446,0.6379900903322007,0.6258144993127439
476,0.7678538264405201,0.7682101883305631,0.5145739052274394,0.6915435442455152,0.6570959762515822,0.6571013755055864,0.6380848150056754,0.6254006603529356
477,0.7678129537308235,0.7675889679917755,0.5144358841841645,0.6913672376810367,0.6569153157072672,0.656953724776824,0.6378492816525448,0.6251098229183154
478,0.7668444268091222,0.7669383013857811,0.5142611853962534,0.6911920617767711,0.6569958429589986,0.6568184670705964,0.6378585637763143,0.6248018209531943
479,0.7671403508705148,0.7663109188611615,0.5143425513824688,0.6912791459443244,0.6571320981233247,0.6570455013077457,0.6379052776950997,0.6246724431188104
480,0.7671635928843912,0.7653595964538632,0.5141977085153309,0.6909749599120036,0.6569051569271162,0.656904104592779,0.6380604961158113,0.624307317286982
481,0.7668043297983451,0.7644397052475456,0.5141127242305528,0.6909992950827407,0.6568579827676567,0.6569506094889345,0.6379793004320429,0.6240841418223293
482,0.766692172243079,0.7637264912154489,0.5140518881761058,0.6908966889673578,0.6567580918576441,0.6567252566396349,0.6377456613848124,0.623812121034822
483,0.7669675401005616,0.7629263329314984,0.5140514512514773,0.6909483701389262,0.6568443300475171,0.6567719492517234,0.6379537264810506,0.6233871291043844
484,0.7662628891929958,0.7622820268350567,0.5139681708626052,0.6907047273583425,0.6567965147413177,0.6565216485675457,0.6379089813203856,0.6230896546441178
485,0.7660568913527955,0.7612537703023636,0.5138967807490386,0.6906424231953422,0.6565478540811149,0.656474048045903,0.6379823309903162,0.6228750020774989
486,0.7661084912503162,0.7609439169221427,0.5138396554725064,0.6906614128053598,0.6566622709144712,0.656607458793973,0.6376061375653563,0.6224807261740102
487,0.7659762533496267,0.7601859726034552,0.5138184545029051,0.6904743150548848,0.6567541022136236,0.6567430993056727,0.6379490540718575,0.6224412401411912
488,0.7653824258618549,0.759389566679859,0.5137121390826322,0.6903956149725646,0.6565676618763713,0.6565383902942165,0.637974280116941,0.6219113736105725
489,0.7655961771109784,0.7586485987298178,0.5136207002767847,0.69019466605149,0.6565899148022327,0.6566289049254795,0.6377720997413312,0.6216786301421269
490,0.7651586623747758,0.7577100664962843,0.5134860615569771,0.6899702602211156,0.6562671298934799,0.6566413544608629,0.637627174432524,0.6212832407971607
491,0.7653205331343935,0.7569944578869796,0.5134950737459917,0.6899346855894484,0.6563649425669549,0.6564122856310891,0.6377427464455775,0.620974139200495
492,0.7652131665894427,0.7561914928583366,0.5134204731094133,0.6899024400772547,0.6562688602015975,0.6563554505332198,0.6377978698167742,0.6208195258959223
493,0.7649695558302471,0.7554155925652533,0.5133116108487464,0.6898265927064586,0.6562222787775434,0.6563214009812347,0.6376962449472853,0.6204540733278577
494,0.764579818075579,0.7547090654579064,0.5131903730147117,0.6897673542851791,0.6561802408228148,0.6563273424128003,0.6376164917173985,0.6201288924637424
495,0.7644612545070787,0.7539023389714808,0.5131197587191126,0.689662225087453,0.6561345261936173,0.6562141646328046,0.6376524019687129,0.619823827532854
496,0.7642328682150313,0.7530764126107219,0.5130233158082478,0.6893223057145456,0.655981801806995,0.6561909570735361,0.6376326526457616,0.6194129525643967
497,0.7641557063939783,0.7527573845006539,0.5130442264693634,0.6895179219459289,0.6560673093266738,0.6562686252289955,0.6377019086217959,0.6192631521392941
498,0.7636437348355192,0.7515053538558101,0.512868329888968,0.6891279878833224,0.6558711021772887,0.6562152963112124,0.6375367398873959,0.6188862507915032
499,0.7635128570213534,0.7508511118796448,0.5129117779374862,0.6891070646920667,0.65589194768293,0.6562430790348642,0.6376086304686732,0.6187005160370479
500,0.7634127385256088,0.749786509305116,0.5127139499851125,0.6889748938136655,0.6555990617867604,0.6558871990883222,0.6374243201639033,0.6182793244195393
501,0.7634499203834774,0.7495689153344497,0.5127652461719293,0.6891025408084995,0.6558556673942432,0.6561090940811034,0.6376648539727999,0.6179957912777735
502,0.763521424087617,0.7487316399593446,0.5126986613391727,0.6889026745319292,0.6556776837329225,0.6559631565030342,0.6376094493164173,0.6176658653549318
503,0.7630621810462592,0.7478449851249882,0.512624846908962,0.6888344543617972,0.6556773436072442,0.6560495887869706,0.6375226836122064,0.617387363372874
504,0.7626693791779481,0.7468114276212554,0.512402698352797,0.6885540195832976,0.6555444607279851,0.6558041615235318,0.6373965458764664,0.6170457827245511
505,0.7628246442444245,0.7462557874553913,0.5124017063666916,0.6883335529183516,0.6554370732644645,0.6558546242868608,0.6373615335107122,0.6167664360749412
506,0.7628376019178669,0.7454672361835915,0.5124262567667696,0.6885728016309995,0.6552855800368661,0.6558811305990018,0.6376474688851815,0.6166297585022646
507,0.7624929267132137,0.7444648168211015,0.512289119479756,0.6883694500215539,0.655302869286405,0.6556962843600224,0.6372757733114934,0.6161839908906532
508,0.7620335185974582,0.7438120155629652,0.5121200699029945,0.6882504496724076,0.6553058570022856,0.6558367864004487,0.6373059317426428,0.615885031688572
509,0.7620955196333391,0.7431757667694031,0.5122410141557057,0.6880311091425824,0.6550431182982668,0.655615695511447,0.6373202153436771,0.6156358501129245
510,0.7619674432566041,0.7426374251293179,0.5120862860013422,0.6881115844990691,0.655075598451653,0.6557253496706169,0.637248452585404,0.6155033136667397
511,0.7615245223406291,0.7417856868060285,0.5120350709910009,0.6878875162513156,0.6549841439353602,0.6554448375667093,0.6374090788643632,0.6149810852490918
512,0.7615429758425019,0.7407125898078961,0.5119216914326883,0.6876502662650326,0.6549965493366067,0.6554948721912174,0.6372114367397553,0.6147793429396314
513,0.7612986132651658,0.7401239548526187,0.5118185621615111,0.6876507205082366,0.6548959694901061,0.6554551483036841,0.6371020376845257,0.6143755664393684
514,0.7613815249768132,0.7394781778808276,0.5117525013724763,0.6875448689598537,0.6550422302795262,0.6553310967471448,0.6370596186519321,0.6141154452210982
515,0.7611689477620543,0.7384712222481884,0.5118071814031617,0.6874392832427968,0.654667915632764,0.6556803195170103,0.6373947841296225,0.6136987866356876
516,0.7609956043532782,0.7378466452772604,0.5116250043487071,0.6873539817199414,0.6546223784775288,0.6553337673082574,0.6370704845368381,0.6133939172280031
517,0.760278237935538,0.73691360223302,0.5116195443858237,0.6869844474888579,0.654706955377666,0.655298652661543,0.637177387762969,0.6130679896577942
518,0.7607380869974442,0.7364195358174869,0.5115579895826321,0.6871473639741537,0.654490333223244,0.655537454241968,0.6371539510445979,0.6128227986936301
519,0.7603731325599674,0.7351140466269641,0.5114806595574458,0.6869884319731188,0.6545060336461622,0.6553591825893611,0.6370067528805771,0.6125010302851587
520,0.760155299540891,0.734990155617659,0.511423689211977,0.6870543237565457,0.654583345510627,0.6552356969784353,0.6371554371967044,0.6122262986483764
521,0.7600863134500664,0.7339115899124489,0.5113572871218772,0.6866809371007666,0.6544286459280759,0.6551243352850542,0.6371257354736153,0.6116364030395849
522,0.7595465064780755,0.7328910597821375,0.5112939904338866,0.6865865008023828,0.6541997454691522,0.6551167822858159,0.6369491536441424,0.6115277095651148
523,0.7595801692201808,0.7322507604483641,0.5111037359835222,0.6863896317462104,0.6540379558695215,0.6551003874106436,0.6370314808646372,0.610946940823761
524,0.759407300944317,0.7315300586447426,0.5110905834633773,0.6864085362561865,0.6541252427721782,0.654915356321181,0.6369452821483135,0.6107658282409573
525,0.7591880264738228,0.7306781522555869,0.5110265741143655,0.686326246251513,0.6539611454654373,0.6550358664688269,0.6369033557238162,0.6104946822411264
526,0.7590528965442622,0.7298963866382511,0.5109164605577552,0.6861025495526931,0.6537614619801225,0.6549842073102925,0.6368688024437128,0.6099801297706765
527,0.7588594932327245,0.7292247926750132,0.5108335142285108,0.6860647382564354,0.6536553621787702,0.6548212605218601,0.6369202655166137,0.6099040224085743
528,0.7584626713961217,0.7283536985854032,0.5108328945602155,0.6858853379549837,0.6536323150416463,0.654741115147485,0.6369355678767594,0.6097024984352156
529,0.7587275006102492,0.7278998639629531,0.5108507239205748,0.6860072881421457,0.6537685735048026,0.6549310074832532,0.6371021463873967,0.6092201666931283
530,0.7581103419093976,0.7270819763546613,0.5107286215263093,0.6857565871941581,0.6537376622414764,0.6545983210337111,0.63685079768655,0.6089082929110153
531,0.7578271973311914,0.7258166521101838,0.5105654640882223,0.6853932862763663,0.6533894751973007,0.6544438964657927,0.6366423785897767,0.6084336717387625
532,0.7581205725234686,0.7254830802780099,0.5106213492608201,0.6854306156632624,0.6536312912935269,0.6548988836597508,0.6365877232324645,0.6083899528595095
533,0.757811243447425,0.7245911997024415,0.5104708827342243,0.6852045479141488,0.6532739803683253,0.654536324966208,0.6365194500703,0.607964179088308
534,0.7573926479728738,0.7239390475562044,0.5104285427800793,0.6852831066523668,0.6531566213923008,0.6546403299470706,0.6366926739810909,0.6077104456819407
535,0.7573880344143288,0.7232493625807633,0.5105328922857754,0.6849955812734637,0.6530790706262924,0.6544368704624456,0.6366567232054703,0.6074630398879155
536,0.757082611436965,0.7222860090898187,0.5104138434641606,0.6850705583974078,0.6531862780738942,0.6545752371828264,0.6366505521134707,0.607089155984604
537,0.7567927701518546,0.7216293839576867,0.510187897064316,0.6845987878503017,0.652795055618762,0.6540983913358741,0.6364377458504535,0.6067806683661039
538,0.7568794236873814,0.7206920029374453,0.5101573153384616,0.6845411999206119,0.652691912616204,0.654075110986128,0.6364332254577675,0.606498501828944
539,0.7564873346654266,0.719904537135828,0.510127520276623,0.6844239412691412,0.6527337685951946,0.6540815913104586,0.6365516074255718,0.6063789634033808
540,0.7564283409333983,0.7191822368323953,0.5100559186394776,0.6842148672588572,0.6527347431273041,0.6542535003900366,0.6363361976723431,0.6059502946739586
541,0.756250438627773,0.7181940021351029,0.5099884660222287,0.6841994861848112,0.6525047063228702,0.654109718513487,0.6364927252937016,0.6056674664118159
542,0.7558811812149099,0.7174988602494198,0.5099250481098638,0.683938906878791,0.6524174076927821,0.6540076029941114,0.6364814101677786,0.6053124454846692
543,0.7555347609107166,0.7167692721587104,0.5098933913912369,0.6837865270244269,0.6522829865795446,0.6538642027818677,0.6361919079114476,0.6049284246439937
544,0.7551250144584282,0.7159451501273697,0.5098219940905745,0.6835622441889088,0.6521571986084158,0.6539038163441272,0.6360174917401596,0.604581078512338
545,0.7553060665337937,0.7152957117107367,0.509778987560236,0.6836220988167708,0.6520778682089432,0.653787212037037,0.6362873731943659,0.6043452116669342
546,0.7552549072204023,0.7147912687600597,0.5097190192401468,0.6836554984182616,0.6519872584620573,0.65400068664352,0.6362755030712897,0.6041180615202858
547,0.755276148605728,0.713771549932397,0.5096062026678098,0.6836100962613778,0.6521309348779856,0.6539864989085048,0.6363528610980934,0.6040036104436403
548,0.7549702313423032,0.7129225049946971,0.5094076480394092,0.6830898629772797,0.6517744060536038,0.6536623628599957,0.6361371640697903,0.603316182607425
549,0.7550474462127698,0.7122034820016373,0.5093984275936714,0.6831298187499751,0.6516640759612208,0.6536674412315797,0.6361766337565157,0.603139169955349
550,0.7545290913477537,0.7115802624942078,0.5093082650959456,0.6831244782138514,0.6516307321088289,0.6535075664747355,0.6361609663799853,0.6029087458224569
551,0.753978581580652,0.710639039688262,0.509337702865606,0.6829457252870207,0.6514497552226968,0.6536385830904203,0.6359080376806696,0.6026340452436338
552,0.754413194516792,0.7101873786412822,0.5094335740612496,0.6829325792605653,0.65164420821655,0.6538052257483439,0.6361205143704919,0.6023029645182519
553,0.7538811144183029,0.7091524041922374,0.5092629892380851,0.6827373009001722,0.6514282420474069,0.6534705889592806,0.6358953110540223,0.6019380669631319
554,0.7538200771685439,0.7082583972097615,0.5090647820932592,0.682593959100127,0.6512525106014959,0.6532800627994445,0.635987727980583,0.6016333262769408
555,0.75368275701177,0.7079791211325246,0.5090853828657792,0.682778020445139,0.6512732338982051,0.6535606530877708,0.6358378440930171,0.6012791736738073
556,0.7535357511531761,0.7071864490179353,0.509033574359746,0.6821572021752087,0.6512106859962167,0.6533553276478645,0.6359345888772825,0.6008929169948131
557,0.75339216496353,0.7058400452197637,0.5089097703648178,0.6819994225018335,0.6508977708405483,0.653233369352682,0.635997720145365,0.6006451359582653
558,0.7526805089993764,0.7055138501609712,0.508808231980471,0.6820776356404817,0.6506714331780378,0.6532038466176517,0.6357854736644,0.6001980526348527
559,0.752598082528078,0.7044704183874428,0.5088660916385676,0.6819453943099352,0.6508026184040052,0.6530748076574264,0.6358515496390871,0.5999719875664621
560,0.7523065225995701,0.7037230939153198,0.5087529216399936,0.6816111660726825,0.6505103380575877,0.6530412498271678,0.6357004682139108,0.5996441207048824
561,0.7524380495697902,0.7032059244371693,0.5087930910935834,0.68157656721925,0.6505131052745823,0.6532364511616217,0.6357168951104177,0.5991588887332787
562,0.7523329725080827,0.7026469731711783,0.5086825218354031,0.6814230339757404,0.6503019674035923,0.6528937001475565,0.6356843835770417,0.5990526802927331
563,0.7519752874696042,0.7011972472762978,0.5085904494922596,0.6812077504854833,0.6500381017951157,0.6528095161450737,0.6352721188574447,0.5986805339810612
564,0.7511853824834052,0.7004844573841387,0.5085216215986886,0.6811846565651035,0.6502951228208216,0.6526902958719348,0.6354820277432796,0.59835810432896
565,0.751250560373115,0.7001669003450284,0.5084741821515474,0.6808784621071926,0.6498548248904105,0.6528164669211218,0.6355151420090398,0.5978182527133539
566,0.7511365123158502,0.6990815694768236,0.5082894467392587,0.6807915554660131,0.6496398990749095,0.6526529722688773,0.6352703363461865,0.5976154601159109
567,0.7511996410501506,0.6985928472735351,0.508453335338977,0.6807564104924527,0.6498072655052015,0.6524999880683091,0.6353923606085317,0.5973859732867626
568,0.7510286713747532,0.6976860242279884,0.5082944116252358,0.6805964582281809,0.6496980793572276,0.6526547128370482,0.6354661527301064,0.5970498924088171
569,0.7507006423995188,0.6969857500069053,0.5082143660053425,0.6803220077304378,0.649353540305601,0.6528292699144074,0.6353220762193643,0.596784136591361
570,0.7506864099932712,0.6962430213524848,0.5082546644667886,0.6796763653806694,0.6491513368584103,0.6520440566298555,0.6348570732859649,0.5963024478071737
571,0.7499762453004151,0.6952926107979074,0.5081480526956424,0.6796048681466899,0.648980747391803,0.6520541578508088,0.6347191283040916,0.5959398933583153
572,0.7495112633779082,0.6945032655753774,0.5078699982955559,0.6794282116662848,0.648509925015895,0.651647166613979,0.6345477487241563,0.5954455988997048
573,0.7496479915749145,0.6938595833422859,0.5079784995814985,0.6793618583996368,0.6489054400142351,0.6518913243588352,0.6348568956737832,0.5953173221593537
574,0.749458870109135,0.6928144427773862,0.5078807745896212,0.6791971968360628,0.6484929242101238,0.6516819947660448,0.6345275243919393,0.5947819361352066
575,0.7489253496164658,0.6922090088915039,0.5077148072396274,0.6789631981160766,0.6483031636976208,0.6516171753792811,0.6345250807059324,0.5944780404458125
576,0.7487061685096434,0.6915727533371447,0.5077298314032792,0.6789794479271839,0.6481407255403397,0.6515992664339536,0.6345122257093374,0.5943075059908703
577,0.7486657618843247,0.6906398313776964,0.5077299138554896,0.6788059892979463,0.6480810228343904,0.6516255351690594,0.6345061174458785,0.5940316384863807
578,0.7485722798258643,0.6898891352140274,0.507609627928052,0.6784480855704466,0.6479262968759493,0.6515244152975833,0.6343643570847979,0.5935129881071599
579,0.7482546525079702,0.6888630857299907,0.5075559855080892,0.6784446673576975,0.6477365007986488,0.6513224766937208,0.6343807144538314,0.5931901974375997
580,0.7479876652472948,0.6886312998647615,0.5075100997218365,0.6783568238631139,0.64751682363086,0.6511875793426901,0.6342757147936968,0.5929409878259772
581,0.7476177417391745,0.6881453610691174,0.5075045634618569,0.6779293619496644,0.6477836425649208,0.6513477205320832,0.6343902647479956,0.5926543353206805
582,0.7470654317397489,0.6870064526412764,0.5073651086793348,0.6778087939504508,0.6471771659951313,0.6510876732574359,0.634105748664954,0.5922816344176487
583,0.7474793953541276,0.6864835685155214,0.5073697412788805,0.6777354469778353,0.6474033952842179,0.6511307427374937,0.6342085768957828,0.5922321720528303
584,0.747106779933939,0.6854430611902546,0.5072644088389743,0.6776819027813583,0.6471484165397844,0.6507183657845843,0.6342664215614564,0.5917547453885228
585,0.7466083032038991,0.6847880191995749,0.5072405152387832,0.6776923501743539,0.6471179941872736,0.650946039675675,0.6342774286229391,0.5915508027355844
586,0.7467727226624729,0.6844255115270628,0.507274901035161,0.6772738240100415,0.6469766610164939,0.6510496068861402,0.6342014786620329,0.5913138855853175
587,0.7462168913840684,0.6833803863091612,0.5071302120761317,0.6770367674340673,0.6466375302309162,0.6504556990401886,0.6339553642824416,0.5907405598758826
588,0.7465031290804321,0.6827921308988727,0.5071069141857503,0.6771316731329949,0.6465441099986069,0.6506980660962766,0.6341024496827635,0.5906843720167344
589,0.745927739668489,0.6819583858761415,0.5069296506811946,0.6768454522011639,0.6464169093035058,0.6506360474330044,0.6339059382307964,0.5903191817537617
590,0.7455229891940771,0.681345027054629,0.5068675510006535,0.6766451527259348,0.6462679679982286,0.650576199082964,0.6338883642642812,0.5901223096631716
591,0.7454952148953063,0.680472089425811,0.5069234575215403,0.6765991237438495,0.6462234169555134,0.6505582241099309,0.6338849836260643,0.5898077674865944
592,0.7458257219173682,0.6797475410102756,0.5068453826573277,0.6766012304671255,0.646251977873449,0.6503768162847688,0.6338798952281902,0.5895454704605934
593,0.7451225339913683,0.6794515287452221,0.5067819747455329,0.6762298139598195,0.6460333990299618,0.6502691497179484,0.6338647723049611,0.5894063452656608
594,0.7447201667261447,0.6783394391045524,0.506645718943524,0.67610270118064,0.6456397344388913,0.6500207155531819,0.6337522502995071,0.5890169176601002
595,0.7444233116658956,0.67759780789791,0.5065953032530534,0.6756430272371916,0.6455511496550627,0.6502020198008878,0.633627701216745,0.5887524465533187
596,0.7444610052166601,0.676728080520044,0.5065818333142713,0.6756592907315573,0.6455137735350222,0.6499648255032896,0.6335945219658942,0.5885624593940263
597,0.7444055511456306,0.6762954637881101,0.5065418435855409,0.675502990554794,0.6453198337154243,0.6500336030243191,0.6335680066826027,0.5882935257383383
598,0.7438744014122978,0.6753975037804577,0.5064534179546983,0.6752689376471304,0.6451044206556269,0.6498588109370027,0.6334019980492901,0.5881372580335635
599,0.743838787613788,0.6747375109819465,0.5063837297949637,0.6750595692554906,0.6449140732078704,0.6499273440842095,0.6333565647756391,0.5877824664627442
600,0.7433972936507993,0.6740773962719862,0.5063696754648196,0.6748195052988566,0.6448263901081114,0.6498939225800581,0.6334581840460469,0.5876242940860583
601,0.7433095475326764,0.6734742839756872,0.5063951209996789,0.6748713282009479,0.6445565849381157,0.6496396163022445,0.6332258186879732,0.5874318307670474
602,0.7426372399656085,0.6726242420675997,0.506231447115985,0.6744970361664525,0.6444313132058677,0.6495510077622022,0.6331863533063855,0.5870673826980479
603,0.7426038190234657,0.6717223283638697,0.5062251298550305,0.6743780073553005,0.644079316542105,0.6494845498682448,0.6330537951111428,0.586759889667287
604,0.7418321340210327,0.6709279266386693,0.5061165141266579,0.673958977772528,0.6439061610358892,0.6492176460328533,0.6329773043913423,0.5864207068791046
605,0.7416352597871925,0.6702750847172734,0.5060824863992367,0.6737987985700159,0.6438391618607573,0.6491412610073554,0.632870971387409,0.5861938845608659
606,0.7410536388779184,0.6694171703647716,0.5060304465885296,0.6736100256392376,0.6436323171409508,0.6490541539620617,0.6327278053419377,0.5858402870385867
607,0.7405800407330304,0.6686597996628433,0.5060998796731929,0.6734433821314195,0.6436235716159115,0.6488762817472317,0.6329926053825476,0.5857851480723516
608,0.7402253946396774,0.6677814246933946,0.5060352330775736,0.6728592088789129,0.6432563977723201,0.648748596678811,0.6324934148072713,0.5854077380744858
609,0.7393433152017863,0.666948151004596,0.5059278773778837,0.6725860993898286,0.6429745547574977,0.6485431536458601,0.6324867544360648,0.5850740548692629
610,0.7389332248379498,0.6661592906096643,0.5058967868759022,0.672262883319716,0.642738076430351,0.6485467351369703,0.632509641313893,0.5847311744964981
611,0.7382897806925243,0.66544974962115,0.5058201880100858,0.6718625044379197,0.6425849192372897,0.6482912240469904,0.6322410150614354,0.5843837630919949
612,0.7378099544974175,0.6645550058228791,0.5058188829454087,0.671644449882767,0.6424530360927686,0.6480408528322434,0.6320817383976605,0.5841065631542166
613,0.737058658709174,0.6636538942873564,0.505746844195046,0.6710052342939894,0.6420882445921641,0.6478335278356112,0.6319059925698298,0.5838020545437836
614,0.7365748636404904,0.6629596844358888,0.5057103278278152,0.6707148457938621,0.642006181083363,0.6478600002051391,0.6319487479986243,0.583477883712646
615,0.7358377290183811,0.6619575218227722,0.5056624631134915,0.6705009549849356,0.6418694631393522,0.6476288338309911,0.6319022732223292,0.5830233778617036
616,0.7353887921703018,0.6611583237547051,0.5056773172704846,0.6699861922639611,0.6415669720340208,0.6473499703783733,0.6316041417426204,0.5827296280388754
617,0.7346131707358791,0.6601357045420334,0.5055801435317168,0.6695762202065924,0.6412366638919432,0.6473906954945567,0.6313589869370517,0.5824582320179421
618,0.7341106878309408,0.6595842629439378,0.5055085408922141,0.6693591058525841,0.6410485059747215,0.647120464808736,0.6313838484424193,0.5820734089183252
619,0.7335657665365176,0.6588945225023001,0.505570448925788,0.6689709168076441,0.6408347470044534,0.6469519872443378,0.6312454758752718,0.5817961536982031
620,0.7331526439646987,0.658118417768888,0.5055019976237367,0.6687259167674788,0.6406898449057996,0.6469385274816553,0.6310872656088974,0.5815831146408899
621,0.7326376110275239,0.6571649809433959,0.5054670829084007,0.6683863707502298,0.640476510953319,0.6466748957507283,0.6309643888241041,0.5811227311146758
622,0.732329570664067,0.6564392800338543,0.505389558114471,0.6681807874994704,0.6401185182213053,0.6468200617602543,0.630972503199029,0.5808500600945169
623,0.7315878205758748,0.6556935206021003,0.5052994758291411,0.6678996846181456,0.6399988784169836,0.6464525531361381,0.6307211284204808,0.5804842219083477
624,0.7311839034467967,0.6548610895924892,0.5051801147613072,0.6673919546655537,0.6397246907970209,0.6462891411292168,0.6307507279533638,0.5800664996321446
625,0.7311306534500644,0.6543254988208405,0.5052143054884891,0.6672724285500979,0.6396960720316378,0.6460942156476754,0.6307497349086131,0.5799391669576489
626,0.7307976300659351,0.6536623628599957,0.5051432277933807,0.6673220111271276,0.6395092253654984,0.6462315372975814,0.6305148004276749,0.5796204583427381
627,0.7302151102049949,0.6530516862609753,0.5050724280942961,0.6668580999117335,0.6391602587733695,0.6459297806222826,0.63045943982038,0.5794012721877785
628,0.7299305349267623,0.652068878314717,0.5050171638487799,0.6664391622702599,0.6387657099451087,0.6457434456379154,0.6302465041232704,0.5789641204712264
629,0.7296095200766982,0.6516147517338168,0.5049620718401407,0.6664565941872138,0.6386672765754303,0.6456418420646655,0.6302344883535675,0.5787486962961161
630,0.7293900246380297,0.6507699663533808,0.5049471251034384,0.6661757085869364,0.6384334137191807,0.6456400076228477,0.6300628474946919,0.5783905766684051
631,0.7290166112731218,0.6502843185885847,0.504831467784614,0.6659371805185086,0.6383267698990123,0.6455373637519706,0.6299907721379893,0.5782778041421873
632,0.7289058783730435,0.6495613409408493,0.5048404873252066,0.6657183042119535,0.6383064820323668,0.6454996412473814,0.6299613905949588,0.578148361227881
633,0.728486956685895,0.6486356874475814,0.5047608659515714,0.6655551023285458,0.6378339468318236,0.6449497237959242,0.6295170572169446,0.5778070453428497
634,0.728306081019664,0.6482930009504476,0.5047094901522716,0.6652818073490853,0.6376959353645744,0.6449811162329784,0.629736406324731,0.5775535786751175
635,0.7278311957414029,0.6474588666306905,0.5045064385224789,0.6650160612464049,0.6375160652149786,0.6447216567866735,0.6294292422254737,0.5771307196389699
636,0.7274049812745564,0.64689006935725,0.5045754788971062,0.6648663689823858,0.6372217368562094,0.6447505666335744,0.6295978072600528,0.5769575173670775
637,0.7271556336705832,0.6463670969468319,0.5045401201492457,0.6645423399852886,0.6371082515338261,0.6446248139731717,0.6293678230803088,0.5768179031370498
638,0.7269163836684351,0.6454064890333523,0.5044022525412807,0.664204419074115,0.6367198070287808,0.6445052270181119,0.6291389885094643,0.5766070580194729
639,0.7264249043266713,0.6448383667588974,0.50435935115255,0.6641441019014196,0.6366325819788542,0.6443344429158784,0.6291519667715236,0.5763234549543349
640,0.7260638536531991,0.644271630675465,0.5043317981099956,0.6639209107045432,0.6364626562139816,0.6443497267349986,0.6290216963116506,0.5761429858269268
641,0.7259819966794323,0.6437396957566824,0.5042729280696517,0.6633578441243175,0.6360991086770673,0.6441186782640379,0.6289226998172108,0.5758834741739274
642,0.7259536783114388,0.6432230814260698,0.5043009069712265,0.6634186558877708,0.6360568120527064,0.6439467330810699,0.6290200779621569,0.5759095036820505
643,0.7252129548990166,0.6424605351336465,0.5042905659417474,0.662954670497861,0.6358575340314676,0.6437953431720895,0.6288120293478324,0.5756348258347007
644,0.7248107195765654,0.64179705006236,0.5041136873061831,0.6627857873887102,0.6356717357843242,0.6436643514319588,0.6287162287459473,0.5753527220378655
645,0.7246761296924287,0.6413043824137109,0.5041247652743268,0.6625863111383697,0.6353698612974055,0.6436204264557843,0.628780972554838,0.5755044877579706
646,0.7239661313418699,0.640352637812491,0.5039492275010421,0.6622646247394661,0.6350332994478786,0.6432296560247585,0.6284289697410408,0.5751400347734084
647,0.7238248517892026,0.6399913156204006,0.504090688384873,0.6623402810207459,0.6351260819915897,0.6433977216429217,0.6284584354519711,0.5753491635166182
648,0.7234608496995037,0.6394117569175505,0.5040121279230898,0.6619311831868182,0.6348577659063098,0.6432104493248987,0.628332024702528,0.5751830828198666
649,0.7228605184774078,0.6386244900168639,0.5038452107127449,0.6615095843255316,0.6344993367685906,0.6428863115668494,0.628063973405572,0.5750119055447787
650,0.7225175574092957,0.6379336327902378,0.5038927509667535,0.6611701843974503,0.6343543669528837,0.6427474592706117,0.6281000963503685,0.5749041694304756
651,0.7221823511893986,0.6373082910389696,0.5038322653490175,0.6610512750496533,0.6342444989198738,0.6425442725530688,0.6278665500587869,0.5748674000109881
652,0.7216936199653791,0.6367133255873668,0.5038406978773246,0.6607347115421182,0.6338256275596506,0.6425452415234348,0.6277829811801835,0.5748255503375481
653,0.7212618626720412,0.6358056022379437,0.503728998515346,0.6604122327116203,0.6335524867322903,0.642438324251493,0.6275806992643483,0.5747718117448934
654,0.7207909916396101,0.6353793350710422,0.5036740138912092,0.6601932373303163,0.6332861549148536,0.6420513484954593,0.6276233234567548,0.5745920190027834
655,0.720498126957455,0.6347998301142431,0.503674083439583,0.659885370132198,0.6332746664824502,0.6420177360432968,0.6275393556352662,0.5746477661813656
656,0.7199052907153076,0.6341030847761473,0.5036683029021419,0.6595572962179977,0.6329996277194265,0.6420069564574967,0.6275037144050102,0.5746877960573904
657,0.7194494783931146,0.6334449066325819,0.5036375386673059,0.6593888912980088,0.6327577835933517,0.6418760552842594,0.6272601379477829,0.5746037645736816
658,0.7188869405242604,0.6327908560994141,0.5035350282800091,0.6585360890159729,0.632339701166084,0.6414036836899423,0.6268462239246478,0.5744621379728907
659,0.7183373751779013,0.6320077256770662,0.5035903300357856,0.6586843124166072,0.6320385165051077,0.6412823751503037,0.6269737620774399,0.5745875538664124
660,0.7180244607511945,0.6315082735197094,0.5036184693081143,0.6582205168230099,0.631938728165538,0.6414084807702722,0.6269735800423593,0.5747148670184656
661,0.7175978114473025,0.6306591642859484,0.5034364677948157,0.6579791271832597,0.6317042537913476,0.6409872359898908,0.6267437179692783,0.5746152231321888
662,0.7165204746416841,0.6298997791549854,0.5032988464037997,0.6574849414745225,0.6311903363711532,0.640785621392062,0.6263611203332062,0.5743768755935874
663,0.7164266528016876,0.6293752132643202,0.5035233064170073,0.6572472706558529,0.6311930350822268,0.6405316647456227,0.6264043468687169,0.5744627636347863
664,0.7155955747785508,0.6285148227104516,0.5033232703197079,0.6567385955208997,0.6309415584998838,0.640314134308685,0.6262118999694806,0.574395531712189
665,0.7152534964291016,0.6278190793349289,0.5033287739088121,0.6564758669645324,0.6306419381763914,0.6402065570970469,0.6261837494985899,0.5743155147261093
666,0.7146397206555695,0.627139975901345,0.5031922614684414,0.656018760130654,0.6303664084980372,0.6398532857162014,0.6256005531825732,0.574043595099269
667,0.7138132767762897,0.6263599024549155,0.5032633967069765,0.6557761406143063,0.6298840460834242,0.639550272097622,0.625586350640068,0.5738506785248627
668,0.7132923799144183,0.6257093312472877,0.5031837186276895,0.6553303549723019,0.6296258387046546,0.6397212057588333,0.6254663639937862,0.5737565941787732
669,0.7127273134850173,0.6250835632207912,0.503107756077083,0.6548517168148832,0.6292567594203167,0.6394213336077572,0.6253612830733467,0.573434959152119
670,0.7121413245796694,0.6242791008168991,0.5030621664317305,0.6545277567378353,0.62919668489515,0.639024482024538,0.6251217508935679,0.5730661625465009
671,0.7115970714511184,0.6234960125406205,0.5031010086453503,0.6541858487396481,0.6289054539652704,0.6387380658002522,0.6247739475785848,0.5728601514996976
672,0.7104786870955915,0.6226886681160714,0.5029789071793985,0.6533861600623456,0.6285163498215539,0.6384253675311017,0.6247611976320694,0.5724233479608438
673,0.7099527154123673,0.6220471633846909,0.5029810952308359,0.6533145011709875,0.6279963894259624,0.6382565102855347,0.6245649442382862,0.5718878217737157
674,0.7094927105148175,0.6215362424180619,0.502900565994675,0.6527689399520609,0.6278581920170887,0.6381802952637797,0.6244877059471401,0.5712692702077107
675,0.7090269806221939,0.6209923314574943,0.5028999550062415,0.652603191335172,0.6277267149050644,0.6379832803176749,0.6243435555335218,0.5709719940964735
676,0.7080532328093168,0.6200333840120266,0.502829638303709,0.652028823969781,0.6274008465857737,0.6376960810616835,0.6240436864438614,0.5704455835750586
677,0.7075127982764082,0.6192501357786707,0.5028992407620023,0.6516041952382116,0.6270577320745038,0.637410877213562,0.6238571240885891,0.5697060540478075
678,0.7068875246389956,0.6186646189966662,0.5027286503309478,0.6511177752277933,0.6267037921564892,0.6370845030283687,0.6235745771314051,0.5689973456303196
679,0.7061303083129895,0.6178696650176937,0.5026686054231061,0.6506414452338821,0.6264949536879787,0.6369805644762905,0.623431589300817,0.5684316076548693
680,0.7056701700211732,0.6172790256690053,0.5026350845856251,0.6501789280713941,0.6261079121282601,0.6364568559198679,0.6232972704692824,0.5677260971505316
681,0.7047276692726022,0.6163765324753191,0.5025791235029438,0.6499311301667903,0.6257819969574758,0.6363392746275434,0.6229425283274407,0.5671542681874225
682,0.7045813866820784,0.6158415736114997,0.5026038500167841,0.6494893100228295,0.6255752219529847,0.6360774557206385,0.6228058922649337,0.5664797417373328
683,0.7038084824268844,0.6153118404966593,0.5024968851034738,0.6492142451839652,0.6252202017394597,0.6359239927666404,0.6227026118737864,0.5660280307247798
684,0.7029271765285643,0.614519212611731,0.502391899176344,0.6486511469376967,0.6248698954396897,0.6356527399057783,0.6224029272714372,0.5653550000556467
685,0.7022921237218857,0.6140000501939374,0.5024639272675427,0.6482478283393539,0.6245263992373119,0.6353306186097596,0.6222750979223738,0.5648566943949914
686,0.7016483221118782,0.6131443480115163,0.5023080091814087,0.6477576247780293,0.6243639498556992,0.635093063749053,0.6219699099650569,0.5642421700252658
687,0.7012090494287448,0.6125365443843712,0.502365096297294,0.6474121730137338,0.6240511800638299,0.6348605009997759,0.6218561540991134,0.5638241564214426
688,0.700310728174184,0.6119440927459074,0.5022769508200365,0.6469097974352452,0.6235450887310631,0.6345212559467494,0.6218997427907664,0.5633682917669498
689,0.6996651150370342,0.610863389780683,0.5021749178096602,0.6464941251958267,0.6233527108480295,0.6341752965976994,0.6213447421009253,0.562905738022906
690,0.6990402415151944,0.6105024979840283,0.5022099085765924,0.6463380562012361,0.6229058733171382,0.6343107568119456,0.6213039207574018,0.5625279845444404
691,0.6987628631364129,0.6099914148448389,0.5021076585660047,0.6456481262888918,0.6227175762865901,0.6337455324258914,0.6212395838703049,0.5619774782809395
692,0.6973947443697448,0.609081225588933,0.5020736595963629,0.645111142029362,0.6224279648499651,0.6334475374195794,0.6209463004047052,0.5616154069090279
693,0.6974978824071478,0.6086338010752614,0.5020811682119868,0.64500882937438,0.6222526159511023,0.633304107930801,0.6206517434311262,0.5613271772261569
694,0.6965621038447262,0.6078970835481736,0.5019717025677678,0.6445794395291881,0.6217023348354117,0.6331223106082773,0.6204537458613936,0.5607781267631395
695,0.6959283950827773,0.6075626342701907,0.5019317906058466,0.6440902147847275,0.6214731060918025,0.63285457038076,0.6203608492304623,0.5606433847866384
696,0.695402627028562,0.6067287478837441,0.5017649750353532,0.6434937898933164,0.6210337886304318,0.632409067798949,0.6200308366148709,0.5601263925170991
697,0.6947319637747819,0.606179022030154,0.5018813781111687,0.6431179773565664,0.6209937888641178,0.6322437392751978,0.6198936450407982,0.5597922353226586
698,0.693802878370495,0.6051829483859732,0.5016387018697944,0.6424247151383581,0.6202328101857404,0.6319011660945405,0.61946212347357,0.5593472320042994
699,0.6935068484577961,0.6048279548639159,0.5017071324290223,0.6423947882461563,0.6201692438482687,0.6317908711767084,0.61961852803676,0.5590620057504169
700,0.6928906680412591,0.6041873761013867,0.501623713109121,0.6419988629514124,0.6199093454677675,0.6317208154606394,0.6192443838042527,0.5587707066232144
