nm,75,15,18,225
200.0,0.0,0.0,0.0,0.0
200.5,0.0,0.0,0.0,0.0
201.0,0.0,0.0,0.0,0.0
201.5,0.0,0.0,0.0,0.0
202.0,0.0,0.0,0.0,0.0
202.5,0.0,0.0,0.0,0.0
203.0,0.0,0.0,0.0,0.0
203.5,0.0,0.0,0.0,0.0
204.0,0.0,0.0,0.0,0.0
204.5,0.0,0.0,0.0,0.0
205.0,0.0,0.0,0.0,0.0
205.5,0.0,0.0,0.0,0.0
206.0,0.0,0.0,0.0,0.0
206.5,0.0,0.0,0.0,0.0
207.0,0.0,0.0,0.0,0.0
207.5,0.0,0.0,0.0,0.0
208.0,0.0,0.0,0.0,0.0
208.5,0.0,0.0,0.0,0.0
209.0,0.0,0.0,0.0,0.0
209.5,0.0,0.0,0.0,0.0
210.0,0.0,0.0,0.0,0.0
210.5,0.0,0.0,0.0,0.0
211.0,0.0,0.0,0.0,0.0
211.5,0.0,0.0,0.0,0.0
212.0,0.0,0.0,0.0,0.0
212.5,0.0,0.0,0.0,0.0
213.0,0.0,0.0,0.0,0.0
213.5,0.0,0.0,0.0,0.0
214.0,0.0,0.0,0.0,0.0
214.5,0.0,0.0,0.0,0.0
215.0,0.0,0.0,0.0,0.0
215.5,0.0,0.0,0.0,0.0
216.0,0.0,0.0,0.0,0.0
216.5,0.0,0.0,0.0,0.0
217.0,0.0,1.913,0.0,0.0
217.5,0.0,1.852,0.0,0.0
218.0,0.0,1.797,0.0,0.0
218.5,0.0,1.748,0.0,0.0
219.0,0.0,1.704,0.0,0.0
219.5,0.0,1.661,0.0,0.0
220.0,0.0,1.619,0.0,0.0
220.5,0.0,1.578,0.0,0.0
221.0,0.0,1.539,0.0,0.0
221.5,0.0,1.502,0.0,0.0
222.0,0.0,1.468,0.0,0.0
222.5,0.0,1.435,0.0,0.0
223.0,0.0,1.405,0.0,0.0
223.5,0.0,1.377,0.0,0.0
224.0,0.0,1.35,0.0,0.0
224.5,0.0,1.323,0.0,0.0
225.0,0.0,1.297,0.0,0.0
225.5,0.0,1.272,0.0,0.0
226.0,0.0,1.25,0.0,0.0
226.5,0.0,1.23,0.0,0.0
227.0,0.0,1.21,0.0,0.0
227.5,0.0,1.192,0.0,0.0
228.0,0.0,1.175,0.0,0.0
228.5,0.0,1.158,0.0,0.0
229.0,0.0,1.142,0.0,0.0
229.5,0.0,1.127,0.0,0.0
230.0,0.0,1.113,0.0,0.0
230.5,0.0,1.098,0.0,0.0
231.0,0.0,1.084,0.0,0.0
231.5,0.0,1.07,0.0,0.0
232.0,0.0,1.055,0.0,0.0
232.5,0.0,1.041,0.0,0.0
233.0,0.0,1.027,0.0,0.0
233.5,0.0,1.014,0.0,0.0
234.0,0.0,1.001,0.0,0.0
234.5,0.0,0.989,0.0,0.0
235.0,0.0,0.977,0.0,0.0
235.5,0.0,0.965,0.0,0.0
236.0,0.0,0.954,0.0,0.0
236.5,0.0,0.943,0.0,0.0
237.0,0.0,0.933,0.0,0.0
237.5,0.0,0.923,0.0,0.0
238.0,0.0,0.914,0.0,0.0
238.5,0.0,0.905,0.0,0.0
239.0,0.0,0.898,0.0,0.0
239.5,0.0,0.89,0.0,0.0
240.0,0.0,0.884,0.0,0.0
240.5,0.0,0.877,0.0,0.0
241.0,0.0,0.871,0.0,0.0
241.5,0.0,0.865,0.0,0.0
242.0,0.0,0.859,0.0,0.0
242.5,0.0,0.855,0.0,0.0
243.0,0.0,0.851,0.0,0.0
243.5,0.0,0.847,0.0,0.0
244.0,0.0,0.843,0.0,0.0
244.5,0.0,0.84,0.0,0.0
245.0,0.0,0.837,0.0,0.0
245.5,0.0,0.834,0.0,0.0
246.0,0.0,0.832,0.0,0.0
246.5,0.0,0.83,0.0,0.0
247.0,0.0,0.828,0.0,0.0
247.5,0.0,0.827,0.0,0.0
248.0,0.0,0.826,0.0,0.0
248.5,0.0,0.826,0.0,0.0
249.0,0.0,0.825,0.0,0.0
249.5,0.0,0.825,0.0,0.0
250.0,0.0,0.825,0.0,0.0
250.5,0.0,0.825,0.0,0.0
251.0,0.0,0.825,0.0,0.0
251.5,0.0,0.825,0.0,0.0
252.0,0.0,0.825,0.0,0.0
252.5,0.0,0.826,0.0,0.0
253.0,0.0,0.826,0.0,0.0
253.5,0.0,0.827,0.0,0.0
254.0,0.0,0.829,0.0,0.0
254.5,0.0,0.831,0.0,0.0
255.0,0.0,0.834,0.0,0.0
255.5,0.0,0.837,0.0,0.0
256.0,0.0,0.84,0.0,0.0
256.5,0.0,0.843,0.0,0.0
257.0,0.0,0.846,0.0,0.0
257.5,0.0,0.85,0.0,0.0
258.0,0.0,0.853,0.0,0.0
258.5,0.0,0.857,0.0,0.0
259.0,0.0,0.86,0.0,0.0
259.5,0.0,0.863,0.0,0.0
260.0,0.0,0.866,0.0,0.0
260.5,0.0,0.87,0.0,0.0
261.0,0.0,0.875,0.0,0.0
261.5,0.0,0.881,0.0,0.0
262.0,0.0,0.887,0.0,0.0
262.5,0.0,0.893,0.0,0.0
263.0,0.0,0.898,0.0,0.0
263.5,0.0,0.903,0.0,0.0
264.0,0.0,0.908,0.0,0.0
264.5,0.0,0.913,0.0,0.0
265.0,0.0,0.917,0.0,0.0
265.5,0.0,0.921,0.0,0.0
266.0,0.0,0.924,0.0,0.0
266.5,0.0,0.926,0.0,0.0
267.0,0.0,0.929,0.0,0.0
267.5,0.0,0.932,0.0,0.0
268.0,0.0,0.935,0.0,0.0
268.5,0.0,0.938,0.0,0.0
269.0,0.0,0.941,0.0,0.0
269.5,0.0,0.944,0.0,0.0
270.0,0.0,0.947,0.0,0.0
270.5,0.0,0.95,0.0,0.0
271.0,0.0,0.951,0.0,0.0
271.5,0.0,0.952,0.0,0.0
272.0,0.0,0.953,0.0,0.0
272.5,0.0,0.953,0.0,0.0
273.0,0.0,0.952,0.0,0.0
273.5,0.0,0.951,0.0,0.0
274.0,0.0,0.949,0.0,0.0
274.5,0.0,0.947,0.0,0.0
275.0,0.0,0.944,0.0,0.0
275.5,0.0,0.941,0.0,0.0
276.0,0.0,0.938,0.0,0.0
276.5,0.0,0.936,0.0,0.0
277.0,0.0,0.933,0.0,0.0
277.5,0.0,0.93,0.0,0.0
278.0,0.0,0.926,0.0,0.0
278.5,0.0,0.922,0.0,0.0
279.0,0.0,0.918,0.0,0.0
279.5,0.0,0.915,0.0,0.0
280.0,0.0,0.91,0.0,0.0
280.5,0.0,0.906,0.0,0.0
281.0,0.0,0.9,0.0,0.0
281.5,0.0,0.895,0.0,0.0
282.0,0.0,0.889,0.0,0.0
282.5,0.0,0.883,0.0,0.0
283.0,0.0,0.877,0.0,0.0
283.5,0.0,0.87,0.0,0.0
284.0,0.0,0.862,0.0,0.0
284.5,0.0,0.855,0.0,0.0
285.0,0.0,0.848,0.0,0.0
285.5,0.0,0.842,0.0,0.0
286.0,0.0,0.835,0.0,0.0
286.5,0.0,0.828,0.0,0.0
287.0,0.0,0.82,0.0,0.0
287.5,0.0,0.813,0.0,0.0
288.0,0.0,0.805,0.0,0.0
288.5,0.0,0.797,0.0,0.0
289.0,0.0,0.79,0.0,0.0
289.5,0.0,0.783,0.0,0.0
290.0,0.0,0.776,0.0,0.0
290.5,0.0,0.769,0.0,0.0
291.0,0.0,0.762,0.0,0.0
291.5,0.0,0.756,0.0,0.0
292.0,0.0,0.75,0.0,0.0
292.5,0.0,0.746,0.0,0.0
293.0,0.0,0.741,0.0,0.0
293.5,0.0,0.736,0.0,0.0
294.0,0.0,0.731,0.0,0.0
294.5,0.0,0.727,0.0,0.0
295.0,0.0,0.722,0.0,0.0
295.5,0.0,0.718,0.0,0.0
296.0,0.0,0.714,0.0,0.0
296.5,0.0,0.71,0.0,0.0
297.0,0.0,0.707,0.0,0.0
297.5,0.0,0.704,0.0,0.0
298.0,0.0,0.702,0.0,0.0
298.5,0.0,0.699,0.0,0.0
299.0,0.0,0.696,0.0,0.0
299.5,0.0,0.693,0.0,0.0
300.0,0.0,0.691,0.0,0.0
300.5,0.0,0.689,0.0,0.0
301.0,0.0,0.687,0.0,0.0
301.5,0.0,0.686,0.0,0.0
302.0,0.0,0.684,0.0,0.0
302.5,0.0,0.682,0.0,0.0
303.0,0.0,0.681,0.0,0.0
303.5,0.0,0.681,0.0,0.0
304.0,0.0,0.68,0.0,0.0
304.5,0.0,0.679,0.0,0.0
305.0,0.0,0.677,0.0,0.0
305.5,0.0,0.676,0.0,0.0
306.0,0.0,0.675,0.0,0.0
306.5,0.0,0.674,0.0,0.0
307.0,0.0,0.673,0.0,0.0
307.5,0.0,0.672,0.0,0.0
308.0,0.0,0.671,0.0,0.0
308.5,0.0,0.671,0.0,0.0
309.0,0.0,0.671,0.0,0.0
309.5,0.0,0.67,0.0,0.0
310.0,0.0,0.67,0.0,0.0
310.5,0.0,0.67,0.0,0.0
311.0,0.0,0.669,0.0,0.0
311.5,0.0,0.669,0.0,0.0
312.0,0.0,0.669,0.0,0.0
312.5,0.0,0.669,0.0,0.0
313.0,0.0,0.669,0.0,0.0
313.5,0.0,0.669,0.0,0.0
314.0,0.0,0.67,0.0,0.0
314.5,0.0,0.67,0.0,0.0
315.0,0.0,0.671,0.0,0.0
315.5,0.0,0.671,0.0,0.0
316.0,0.0,0.672,0.0,0.0
316.5,0.0,0.671,0.0,0.0
317.0,0.0,0.672,0.0,0.0
317.5,0.0,0.672,0.0,0.0
318.0,0.0,0.672,0.0,0.0
318.5,0.0,0.672,0.0,0.0
319.0,0.0,0.671,0.0,0.0
319.5,0.0,0.671,0.0,0.0
320.0,0.0,0.67,0.0,0.0
320.5,0.0,0.67,0.0,0.0
321.0,0.0,0.67,0.0,0.0
321.5,0.0,0.671,0.0,0.0
322.0,0.0,0.671,0.0,0.0
322.5,0.0,0.671,0.0,0.0
323.0,0.0,0.67,0.0,0.0
323.5,0.0,0.668,0.0,0.0
324.0,0.0,0.667,0.0,0.0
324.5,0.0,0.665,0.0,0.0
325.0,0.0,0.664,0.0,0.0
325.5,0.0,0.664,0.0,0.0
326.0,0.0,0.663,0.0,0.0
326.5,0.0,0.662,0.0,0.0
327.0,0.0,0.661,0.0,0.0
327.5,0.0,0.659,0.0,0.0
328.0,0.0,0.656,0.0,0.0
328.5,0.0,0.654,0.0,0.0
329.0,0.0,0.652,0.0,0.0
329.5,0.0,0.65,0.0,0.0
330.0,0.0,0.648,0.0,0.0
330.5,0.0,0.645,0.0,0.0
331.0,0.0,0.641,0.0,0.0
331.5,0.0,0.638,0.0,0.0
332.0,0.0,0.635,0.0,0.0
332.5,0.0,0.632,0.0,0.0
333.0,0.0,0.628,0.0,0.0
333.5,0.0,0.625,0.0,0.0
334.0,0.0,0.622,0.0,0.0
334.5,0.0,0.618,0.0,0.0
335.0,0.0,0.614,0.0,0.0
335.5,0.0,0.61,0.0,0.0
336.0,0.0,0.607,0.0,0.0
336.5,0.0,0.604,0.0,0.0
337.0,0.0,0.601,0.0,0.0
337.5,0.0,0.596,0.0,0.0
338.0,0.0,0.591,0.0,0.0
338.5,0.0,0.586,0.0,0.0
339.0,0.0,0.58,0.0,0.0
339.5,0.0,0.574,0.0,0.0
340.0,0.0,0.568,0.0,0.0
340.5,0.0,0.563,0.0,0.0
341.0,0.0,0.558,0.0,0.0
341.5,0.0,0.555,0.0,0.0
342.0,0.0,0.553,0.0,0.0
342.5,0.0,0.551,0.0,0.0
343.0,0.0,0.548,0.0,0.0
343.5,0.0,0.542,0.0,0.0
344.0,0.0,0.536,0.0,0.0
344.5,0.0,0.531,0.0,0.0
345.0,0.0,0.526,0.0,0.0
345.5,0.0,0.521,0.0,0.0
346.0,0.0,0.514,0.0,0.0
346.5,0.0,0.507,0.0,0.0
347.0,0.0,0.5,0.0,0.0
347.5,0.0,0.494,0.0,0.0
348.0,0.0,0.491,0.0,0.0
348.5,0.0,0.49,0.0,0.0
349.0,0.0,0.488,0.0,0.0
349.5,0.0,0.484,0.0,0.0
350.0,0.0,0.478,0.0,0.0
350.5,0.0,0.469,0.0,0.0
351.0,0.0,0.463,0.0,0.0
351.5,0.0,0.46,0.0,0.0
352.0,0.0,0.461,0.0,0.0
352.5,0.0,0.46,0.0,0.0
353.0,0.0,0.457,0.0,0.0
353.5,0.0,0.451,0.0,0.0
354.0,0.0,0.445,0.0,0.0
354.5,0.0,0.441,0.0,0.0
355.0,0.0,0.441,0.0,0.0
355.5,0.0,0.443,0.0,0.0
356.0,0.0,0.443,0.0,0.0
356.5,0.0,0.439,0.0,0.0
357.0,0.0,0.434,0.0,0.0
357.5,0.0,0.428,0.0,0.0
358.0,0.0,0.423,0.0,0.0
358.5,0.0,0.418,0.0,0.0
359.0,0.0,0.415,0.0,0.0
359.5,0.0,0.415,0.0,0.0
360.0,0.0,0.417,0.0,0.0
360.5,0.0,0.416,0.0,0.0
361.0,0.0,0.411,0.0,0.0
361.5,0.0,0.404,0.0,0.0
362.0,0.0,0.397,0.0,0.0
362.5,0.0,0.393,0.0,0.0
363.0,0.0,0.391,0.0,0.0
363.5,0.0,0.391,0.0,0.0
364.0,0.0,0.391,0.0,0.0
364.5,0.0,0.39,0.0,0.0
365.0,0.0,0.388,0.0,0.0
365.5,0.0,0.383,0.0,0.0
366.0,0.0,0.375,0.0,0.0
366.5,0.0,0.367,0.0,0.0
367.0,0.0,0.361,0.0,0.0
367.5,0.0,0.361,0.0,0.0
368.0,0.0,0.364,0.0,0.0
368.5,0.0,0.367,0.0,0.0
369.0,0.0,0.368,0.0,0.0
369.5,0.0,0.368,0.0,0.0
370.0,0.0,0.368,0.0,0.0
370.5,0.0,0.367,0.0,0.0
371.0,0.0,0.36,0.0,0.0
371.5,0.0,0.348,0.0,0.0
372.0,0.0,0.336,0.0,0.0
372.5,0.0,0.333,0.0,0.0
373.0,0.0,0.339,0.0,0.0
373.5,0.0,0.349,0.0,0.0
374.0,0.0,0.356,0.0,0.0
374.5,0.0,0.359,0.0,0.0
375.0,0.0,0.359,0.0,0.0
375.5,0.0,0.358,0.0,0.0
376.0,0.0,0.353,0.0,0.0
376.5,0.0,0.344,0.0,0.0
377.0,0.0,0.336,0.0,0.0
377.5,0.0,0.328,0.0,0.0
378.0,0.0,0.321,0.0,0.0
378.5,0.0,0.314,0.0,0.0
379.0,0.0,0.307,0.0,0.0
379.5,0.0,0.301,0.0,0.0
380.0,0.0,0.301,0.0,0.0
380.5,0.0,0.304,0.0,0.0
381.0,0.0,0.31,0.0,0.0
381.5,0.0,0.314,0.0,0.0
382.0,0.0,0.314,0.0,0.0
382.5,0.0,0.313,0.0,0.0
383.0,0.0,0.312,0.0,0.0
383.5,0.0,0.31,0.0,0.0
384.0,0.0,0.305,0.0,0.0
384.5,0.0,0.295,0.0,0.0
385.0,0.0,0.287,0.0,0.0
385.5,0.0,0.283,0.0,0.0
386.0,0.0,0.285,0.0,0.0
386.5,0.0,0.288,0.0,0.0
387.0,0.0,0.288,0.0,0.0
387.5,0.0,0.282,0.0,0.0
388.0,0.0,0.274,0.0,0.0
388.5,0.0,0.266,0.0,0.0
389.0,0.0,0.259,0.0,0.0
389.5,0.0,0.253,0.0,0.0
390.0,0.0,0.249,0.0,0.0
390.5,0.0,0.249,0.0,0.0
391.0,0.0,0.254,0.0,0.0
391.5,0.0,0.26,0.0,0.0
392.0,0.0,0.262,0.0,0.0
392.5,0.0,0.257,0.0,0.0
393.0,0.0,0.248,0.0,0.0
393.5,0.0,0.24,0.0,0.0
394.0,0.0,0.238,0.0,0.0
394.5,0.0,0.238,0.0,0.0
395.0,0.0,0.239,0.0,0.0
395.5,0.0,0.237,0.0,0.0
396.0,0.0,0.234,0.0,0.0
396.5,0.0,0.231,0.0,0.0
397.0,0.0,0.229,0.0,0.0
397.5,0.0,0.226,0.0,0.0
398.0,0.0,0.221,0.0,0.0
398.5,0.0,0.217,0.0,0.0
399.0,0.0,0.215,0.0,0.0
399.5,0.0,0.211,0.0,0.0
400.0,0.0,0.205,0.0,0.0
400.5,0.0,0.198,0.0,0.0
401.0,0.0,0.193,0.0,0.0
401.5,0.0,0.191,0.0,0.0
402.0,0.0,0.192,0.0,0.0
402.5,0.0,0.194,0.0,0.0
403.0,0.0,0.196,0.0,0.0
403.5,0.0,0.194,0.0,0.0
404.0,0.0,0.189,0.0,0.0
404.5,0.0,0.18,0.0,0.0
405.0,0.0,0.172,0.0,0.0
405.5,0.0,0.168,0.0,0.0
406.0,0.0,0.169,0.0,0.0
406.5,0.0,0.0,0.0,0.0
407.0,0.0,0.0,0.0,0.0
407.5,0.0,0.0,0.0,0.0
408.0,0.0,0.0,0.0,0.0
408.5,0.0,0.0,0.0,0.0
409.0,0.0,0.0,0.0,0.0
409.5,0.0,0.0,0.0,0.0
410.0,0.0,0.0,0.0,0.0
