Illy,Mucilago,Cafeina,Ox,Mi,Ch,Go,Verde,hv
1.2285125235769853e-34,1.4969656100760914e-34,8.43340538198784e-34,2.5788230832539374e-34,3.5565752713717385e-34,4.242507896461024e-34,4.198670632608192e-34,4.152317637507206e-34,9.02943090909091e-19
1.2191141489445519e-34,1.4716846058071418e-34,8.268644668128924e-34,2.5814899608609667e-34,3.6034683241108982e-34,4.227862815434915e-34,4.138201423984081e-34,4.136978612298605e-34,8.988573755656109e-19
1.2731955812965844e-34,1.5311099875894368e-34,8.302150451061759e-34,2.6662048365699885e-34,3.6602786883019918e-34,4.295404732060824e-34,4.239232721282059e-34,4.212896383130125e-34,8.948084684684684e-19
1.3049546737872971e-34,1.5179710545136105e-34,8.222075019269357e-34,2.638538870228852e-34,3.6530242666704557e-34,4.318424054361407e-34,4.218391299566855e-34,4.200399878100384e-34,8.907958744394617e-19
1.3258102672095713e-34,1.5331747978540013e-34,8.085057225414468e-34,2.6342971334086164e-34,3.6503535279324215e-34,4.171946425746582e-34,4.178741329819632e-34,4.158368390139577e-34,8.86819107142857e-19
1.3953598589131189e-34,1.5815305757290338e-34,8.083240859115864e-34,2.6664003139703486e-34,3.721714732145771e-34,4.295338407145441e-34,4.206039135329054e-34,4.1940020438376175e-34,8.828776888888888e-19
1.4222959467747198e-34,1.6455241546611525e-34,8.088723269390623e-34,2.72602461199379e-34,3.765064708419399e-34,4.322827432387202e-34,4.2675936543028164e-34,4.304757516214457e-34,8.789711504424778e-19
1.454615652257315e-34,1.68396283580064e-34,8.0766596008807e-34,2.8086195222429395e-34,3.871469197063357e-34,4.369610340481565e-34,4.309609169341293e-34,4.349069266640371e-34,8.750990308370044e-19
1.54367619062947e-34,1.7547620198120562e-34,8.122076288998879e-34,2.8980741657778383e-34,3.869995832170636e-34,4.422858736935489e-34,4.359740604620972e-34,4.3374317877070054e-34,8.712608771929823e-19
1.5831027478936232e-34,1.8222039422113203e-34,8.148760090142356e-34,2.928697873823388e-34,3.9417279831626495e-34,4.436869226582877e-34,4.378004656419215e-34,4.405809821353388e-34,8.674562445414847e-19
1.6392691210802469e-34,1.8603179545978158e-34,8.12201024265881e-34,3.0124651180909515e-34,3.962217868156787e-34,4.507106789251898e-34,4.39549255987929e-34,4.4125528165240346e-34,8.636846956521738e-19
1.6945796945412097e-34,1.9053388947678487e-34,8.189528747977496e-34,3.0585732808728183e-34,4.05268104668443e-34,4.51600524271422e-34,4.4772862313432584e-34,4.4880100365647465e-34,8.599458008658008e-19
1.7465306487680225e-34,1.9670131743016093e-34,8.152707306593503e-34,3.136447219417027e-34,4.133574281940404e-34,4.597182977520886e-34,4.500130351430789e-34,4.606757203304733e-34,8.562391379310344e-19
1.8148843263956733e-34,2.020563984663567e-34,8.249671508726928e-34,3.1900547597781563e-34,4.1843270975135864e-34,4.648258878973155e-34,4.584745359006941e-34,4.6139802523563974e-34,8.525642918454935e-19
1.8478486193412037e-34,2.0762709231782605e-34,8.19274048124903e-34,3.24684538816312e-34,4.252075577879304e-34,4.660092180187721e-34,4.620494588232836e-34,4.680636508388839e-34,8.489208547008548e-19
1.875851209249685e-34,2.0963482074760788e-34,8.148361408564367e-34,3.2850798186790202e-34,4.268758686828811e-34,4.677358170163686e-34,4.6390168765512856e-34,4.686435190830475e-34,8.453084255319148e-19
1.910850322181645e-34,2.1354166237996327e-34,8.194711023691307e-34,3.3174620391323304e-34,4.272005933044315e-34,4.7064436780262115e-34,4.6473732484762515e-34,4.729091025964553e-34,8.417266101694914e-19
1.9246029777172483e-34,2.151809455238873e-34,8.159041674028514e-34,3.3423805919430226e-34,4.326294130130108e-34,4.734499532851109e-34,4.660431379655143e-34,4.716635037357051e-34,8.381750210970464e-19
1.928493031582166e-34,2.181258142168616e-34,8.086354566330639e-34,3.3637224545245814e-34,4.34949935514394e-34,4.738931045348009e-34,4.661130280403486e-34,4.784776412989838e-34,8.346532773109244e-19
1.9510220470588963e-34,2.199788634488966e-34,8.120181611543163e-34,3.3503397454480872e-34,4.35257365787594e-34,4.789273211730708e-34,4.70770477138774e-34,4.804796972051989e-34,8.311610041841004e-19
1.9357901867116204e-34,2.1629482315192805e-34,7.956071574201155e-34,3.3680157030855686e-34,4.306564959399243e-34,4.705383639382558e-34,4.630931622312951e-34,4.7363679982094604e-34,8.276978333333332e-19
1.9338646407202445e-34,2.150767934280949e-34,7.947474294429116e-34,3.3299948361838394e-34,4.278562494962098e-34,4.729996899672022e-34,4.643894787607415e-34,4.746485009719803e-34,8.242634024896265e-19
1.8790363183545564e-34,2.1176579491312465e-34,7.786621973721215e-34,3.2778336090740124e-34,4.250575768660259e-34,4.6132730036843825e-34,4.5676950628511e-34,4.677380857092617e-34,8.208573553719008e-19
1.8141656911775014e-34,2.0560346551991496e-34,7.569109822442327e-34,3.2259418888674923e-34,4.155006916901424e-34,4.548875884690251e-34,4.44168174518599e-34,4.597983246922288e-34,8.17479341563786e-19
1.7739319689345136e-34,1.9784625344945737e-34,7.3738355780729636e-34,3.1542281934078488e-34,4.041577717742607e-34,4.498861336160129e-34,4.414462780482783e-34,4.508188561048358e-34,8.141290163934425e-19
1.692810904792091e-34,1.9217382687905413e-34,7.20903703087039e-34,3.074299061001992e-34,3.989722773804991e-34,4.370380872084436e-34,4.3151743029887366e-34,4.438869041531156e-34,8.108060408163264e-19
1.638343108762331e-34,1.8308926687707046e-34,6.950759882324298e-34,2.97167583702625e-34,3.883342232803715e-34,4.2939690535415275e-34,4.23000294278599e-34,4.347669546965627e-34,8.075100813008131e-19
1.5568126592972148e-34,1.7335253634842006e-34,6.734772997809529e-34,2.8344717556190595e-34,3.7545326176979056e-34,4.184122233164416e-34,4.086738484192824e-34,4.173178812364744e-34,8.042408097165991e-19
1.4633370174974678e-34,1.6490120197189274e-34,6.504014875269661e-34,2.7403597709111e-34,3.621101431262146e-34,4.102411834065912e-34,4.006952723298942e-34,4.084222960536016e-34,8.009979032258064e-19
1.3819798348313698e-34,1.5377192482290805e-34,6.2469758129968305e-34,2.6522194121869587e-34,3.4976574382755613e-34,3.9198570526405834e-34,3.92371576121981e-34,3.953725234335909e-34,7.9778104417670675e-19
1.295511649516447e-34,1.4521066163146482e-34,5.985132537576299e-34,2.508437151446583e-34,3.399037813326619e-34,3.8274735934342784e-34,3.7788474799034117e-34,3.8207674484881624e-34,7.945899199999998e-19
1.2161236277060328e-34,1.3674909312346143e-34,5.679483105710231e-34,2.365441267750694e-34,3.2658426804550275e-34,3.6850755614590784e-34,3.64971544200658e-34,3.6701395193748905e-34,7.914242231075697e-19
1.1120161603006295e-34,1.2566160720357608e-34,5.377513614852248e-34,2.2518359205070486e-34,3.096463463561784e-34,3.5446723935192294e-34,3.4958012063621237e-34,3.5320003458401785e-34,7.882836507936507e-19
1.0716990564911497e-34,1.1796294064092575e-34,5.153689710582825e-34,2.1683348398198154e-34,2.977109048538723e-34,3.4473993427185278e-34,3.4066028428007768e-34,3.4633596231882085e-34,7.851679051383399e-19
9.948264019743251e-35,1.0779046311001257e-34,4.9259934424411335e-34,2.0567641309661236e-34,2.8790601622126775e-34,3.3250944352034305e-34,3.3171555664817914e-34,3.3013930091385847e-34,7.820766929133858e-19
9.341032766199089e-35,1.0096893924119514e-34,4.651111129116919e-34,1.9592687321057114e-34,2.7771450703679354e-34,3.2105578868046763e-34,3.196136689241472e-34,3.200982661003837e-34,7.790097254901961e-19
8.71432324310768e-35,9.561675773639602e-35,4.543833769889974e-34,1.8847847228688258e-34,2.6766572036945947e-34,3.136702422974024e-34,3.114427775138772e-34,3.0981818159538376e-34,7.7596671875e-19
8.246307575175428e-35,9.051087638980644e-35,4.3107826835146375e-34,1.8022939707984828e-34,2.5924002130061806e-34,3.0385325038018774e-34,3.0244671348690824e-34,2.975581950170472e-34,7.729473929961088e-19
7.816790699566058e-35,8.52749887795453e-35,4.142648866112266e-34,1.729574514704825e-34,2.5218689850050186e-34,2.9543633257526096e-34,2.916082911623513e-34,2.895469844362654e-34,7.699514728682171e-19
7.473360835800661e-35,8.116895325189188e-35,4.005265365741293e-34,1.6927225630772461e-34,2.44800875419926e-34,2.8915218859228997e-34,2.87922474412882e-34,2.843623818013056e-34,7.669786872586872e-19
7.087056127921808e-35,7.632724650734494e-35,3.8443371858068834e-34,1.6306162149420064e-34,2.3978320302368325e-34,2.7952370403252543e-34,2.8162266904490105e-34,2.71824733584523e-34,7.640287692307692e-19
6.821823449475527e-35,7.326003407170959e-35,3.7032609651801844e-34,1.5505576163038772e-34,2.2987709088488268e-34,2.7299443285317034e-34,2.7145776663116882e-34,2.6465889718196577e-34,7.611014559386972e-19
6.548664590559206e-35,7.215499471510094e-35,3.609632871700309e-34,1.5330124979032741e-34,2.289102363838287e-34,2.6904369041481856e-34,2.69671251014448e-34,2.6105740029953964e-34,7.581964885496184e-19
6.520797405625884e-35,6.849859301243125e-35,3.5213416393552406e-34,1.505140744221283e-34,2.229924713070244e-34,2.6428903121052195e-34,2.6449118313287957e-34,2.5577605834340135e-34,7.553136121673003e-19
6.434163876517375e-35,6.641558302396917e-35,3.4278128378303455e-34,1.480066348841366e-34,2.1773751882028726e-34,2.5803351963448717e-34,2.6097980915932846e-34,2.504584174640405e-34,7.524525757575757e-19
6.279120813665396e-35,6.483252068228755e-35,3.349491859495551e-34,1.4488603954488425e-34,2.1577395163989946e-34,2.5621126541751964e-34,2.57256819600778e-34,2.492304164816852e-34,7.496131320754716e-19
6.181945801084917e-35,6.342949253975185e-35,3.310698192091895e-34,1.4371125084831869e-34,2.129157048005942e-34,2.527949889877121e-34,2.564369147916637e-34,2.4440110349358752e-34,7.467950375939848e-19
6.098722461475588e-35,6.38383197523624e-35,3.293330378191828e-34,1.40730911998543e-34,2.1386122657709505e-34,2.529680982008898e-34,2.5077182010300226e-34,2.4455646182003643e-34,7.43998052434457e-19
5.968697525288055e-35,6.175958184880403e-35,3.209556871501682e-34,1.406142024710354e-34,2.0715615584492e-34,2.473596173311422e-34,2.495421463887876e-34,2.4050434034114413e-34,7.412219402985074e-19
5.949427038476149e-35,6.088824310354682e-35,3.158216293003422e-34,1.3863821723257615e-34,2.065674472388849e-34,2.432401557088517e-34,2.465848823171361e-34,2.360280866880482e-34,7.384664684014869e-19
5.885306228207893e-35,6.061036560925417e-35,3.1252512493567033e-34,1.3660672053303136e-34,2.0424887926153804e-34,2.430039312972907e-34,2.4463923801775763e-34,2.3509081704953203e-34,7.357314074074074e-19
5.842787518645821e-35,5.897239369133338e-35,3.0983362829213463e-34,1.3753828896078938e-34,2.022817410928685e-34,2.420763281154171e-34,2.439798770685517e-34,2.32940142882023e-34,7.330165313653136e-19
5.789703427457982e-35,5.842455020760891e-35,3.0591201760670078e-34,1.3437902650344561e-34,1.9763918884922864e-34,2.3738020733620876e-34,2.3976023972974834e-34,2.294257895552386e-34,7.303216176470588e-19
5.722786247205898e-35,5.771573911697174e-35,3.004952746292677e-34,1.313175335339034e-34,1.970650807189652e-34,2.3365756801132903e-34,2.35826271352212e-34,2.284047145750873e-34,7.276464468864468e-19
5.60698349067144e-35,5.713135750287235e-35,2.9794650134662765e-34,1.3198416449158664e-34,1.9455739402557954e-34,2.3043304890011626e-34,2.315288014808059e-34,2.2432639857936415e-34,7.249908029197081e-19
5.633428915451331e-35,5.62726891056371e-35,2.9808556012672918e-34,1.2936013517217102e-34,1.9267473051474193e-34,2.3129433405244654e-34,2.3107984348857896e-34,2.218483637318714e-34,7.223544727272726e-19
5.614114507508783e-35,5.494201713152472e-35,2.950360070960701e-34,1.2869223425835178e-34,1.9374049437645546e-34,2.287117248564911e-34,2.298639010334421e-34,2.2146665368223787e-34,7.197372463768115e-19
5.545226452712709e-35,5.554066291224566e-35,2.9170709959393225e-34,1.276544560591507e-34,1.9057391700980672e-34,2.256150147292096e-34,2.2735416798942604e-34,2.1871586061868257e-34,7.17138916967509e-19
5.49097793946367e-35,5.486731160304448e-35,2.9142511681097514e-34,1.2724310245063705e-34,1.8917218676783342e-34,2.238419659011299e-34,2.250223231746676e-34,2.1624766097466144e-34,7.145592805755395e-19
5.425302648754671e-35,5.368432507164456e-35,2.87545111098306e-34,1.2542355283707688e-34,1.8386724422885126e-34,2.2201815990100815e-34,2.224308498882823e-34,2.163425400052038e-34,7.119981362007169e-19
5.378396791973272e-35,5.367698338794778e-35,2.8513887241497952e-34,1.256433932111693e-34,1.858717072167532e-34,2.200169540657175e-34,2.1997711439617202e-34,2.1738618517984358e-34,7.094552857142857e-19
5.323093736770743e-35,5.232069199833989e-35,2.8216210928978593e-34,1.2353417156858246e-34,1.8326389458678815e-34,2.1773960757334193e-34,2.1823286189630773e-34,2.1174088225880457e-34,7.06930533807829e-19
5.294804435836751e-35,5.181718586562058e-35,2.7902643303941166e-34,1.2206610953659616e-34,1.7997018380519709e-34,2.1393818888330848e-34,2.152157016492069e-34,2.0684983879524696e-34,7.044236879432624e-19
5.264511043421982e-35,5.170463447895576e-35,2.7588735158417557e-34,1.219794341966865e-34,1.8096900437760987e-34,2.1305825384910967e-34,2.163881029509112e-34,2.071800374830116e-34,7.0193455830388685e-19
5.218486619076161e-35,5.168056436820785e-35,2.7420744840763478e-34,1.2149909156647982e-34,1.78374836387016e-34,2.1153472978251515e-34,2.135535070026362e-34,2.061560826698841e-34,6.9946295774647885e-19
5.231126037798042e-35,5.170754221325992e-35,2.7603352640320042e-34,1.23217753771949e-34,1.7924896605097693e-34,2.138971336964912e-34,2.147835472795658e-34,2.0521357711962747e-34,6.970087017543859e-19
5.172209517228519e-35,5.097623891556068e-35,2.6891940034678604e-34,1.1978586890183881e-34,1.745822649127421e-34,2.1078533092141506e-34,2.1018712521543367e-34,2.0251607137472216e-34,6.945716083916083e-19
5.09632760543887e-35,4.995411344659109e-35,2.694400205386517e-34,1.1887545491614093e-34,1.7368190308635643e-34,2.0587796225477436e-34,2.060408511696555e-34,2.0106206358872246e-34,6.921514982578397e-19
5.073579439954493e-35,4.885123610610636e-35,2.655558635277404e-34,1.1683304761751345e-34,1.727802120309859e-34,2.0398492135997286e-34,2.076130180171504e-34,1.993309951300159e-34,6.897481944444444e-19
5.073168169200094e-35,4.883904184919197e-35,2.6434572362570927e-34,1.1742823735339797e-34,1.71887049552336e-34,2.028201290312844e-34,2.0795449281290212e-34,1.968290697002524e-34,6.873615224913494e-19
5.027363241596925e-35,4.838863277933624e-35,2.60974333471056e-34,1.1607347833182266e-34,1.7033053935498962e-34,2.0354288102375006e-34,2.0522813384919128e-34,1.96828620369035e-34,6.849913103448275e-19
4.954672321508273e-35,4.780648331440058e-35,2.5660485089791698e-34,1.1487558581159148e-34,1.6957627627061775e-34,1.996492213239662e-34,2.0164223376741824e-34,1.960358575820281e-34,6.826373883161512e-19
4.863914894817303e-35,4.728040502507388e-35,2.572396436179652e-34,1.1402174644955418e-34,1.670937906431423e-34,1.9969008007050023e-34,2.0049505669459437e-34,1.958052716373839e-34,6.802995890410958e-19
4.990200570787287e-35,4.7285448524972965e-35,2.5736781404937347e-34,1.1336149892237185e-34,1.6706445763092182e-34,1.9977385195138243e-34,1.988588078394575e-34,1.9199107029624206e-34,6.779777474402729e-19
4.930389915672773e-35,4.649476517347085e-35,2.56820914007324e-34,1.13210994236038e-34,1.6603264146081155e-34,1.9935346324134556e-34,1.9876145791009205e-34,1.9143463801564566e-34,6.756717006802721e-19
4.7881689348968927e-35,4.6022264291596695e-35,2.5667804230238534e-34,1.1111525946841373e-34,1.650980545591345e-34,1.9551786136628435e-34,1.9810378351421922e-34,1.9036586055666866e-34,6.733812881355932e-19
4.7681302643315325e-35,4.5631706743081524e-35,2.5609841627080387e-34,1.1096025310134216e-34,1.6403369073494723e-34,1.928927257284323e-34,1.98758767808362e-34,1.870738986382596e-34,6.711063513513514e-19
4.797253652790482e-35,4.523571644161195e-35,2.5684595764646194e-34,1.1143646491378451e-34,1.6352342775300918e-34,1.934547673976877e-34,1.9486573187382674e-34,1.8888827774331853e-34,6.688467340067339e-19
4.7036766275903114e-35,4.466227656518388e-35,2.5599146561915508e-34,1.0999655687984072e-34,1.6077552432512258e-34,1.9072304080372472e-34,1.930826185234972e-34,1.856634445878554e-34,6.666022818791946e-19
4.669025329049792e-35,4.4664284429930034e-35,2.5657995131262057e-34,1.1027192754590593e-34,1.6189842401487787e-34,1.9034617304980011e-34,1.926453494140961e-34,1.8579555326862528e-34,6.643728428093645e-19
4.6379726899644134e-35,4.377078618472271e-35,2.609540995508748e-34,1.0842256233417922e-34,1.5932300225175055e-34,1.8770593345462604e-34,1.9051721805617631e-34,1.827743264800369e-34,6.621582666666666e-19
4.581546742884115e-35,4.298101372391662e-35,2.6479496769427306e-34,1.0793302183720954e-34,1.5856583217512337e-34,1.8587350992944881e-34,1.901881237474372e-34,1.8143433782499154e-34,6.599584053156147e-19
4.5981056752658063e-35,4.2543159676853495e-35,2.6794467825520746e-34,1.0796177169935436e-34,1.5943158597233688e-34,1.859651194174263e-34,1.912640958189631e-34,1.8187631720503476e-34,6.577731125827813e-19
4.536008043960114e-35,4.21789808034171e-35,2.7724460411786017e-34,1.0669549573195806e-34,1.5700857055046567e-34,1.837987477874e-34,1.8824365721727415e-34,1.8171110761349778e-34,6.556022442244224e-19
4.4833634237919325e-35,4.225375331493677e-35,2.8676067270825596e-34,1.0751552800500987e-34,1.5893468941481719e-34,1.8417241915639813e-34,1.8684466809590406e-34,1.777657203900225e-34,6.534456578947368e-19
4.451541353067143e-35,4.145343635130632e-35,2.9571918099087577e-34,1.0608039776840176e-34,1.5500846378235715e-34,1.816933187732969e-34,1.848571719897741e-34,1.7578834183229773e-34,6.51303213114754e-19
4.4265922633955896e-35,4.1342719538001947e-35,3.159070605722952e-34,1.0537244737551191e-34,1.5521457660339965e-34,1.7952767627484666e-34,1.8311002523541337e-34,1.7445197934344023e-34,6.4917477124183e-19
4.43872243601664e-35,4.018749973012362e-35,3.3801089468044735e-34,1.0631454710422233e-34,1.5316032130261956e-34,1.8013931694341845e-34,1.8303014518528107e-34,1.7344428193841997e-34,6.470601954397394e-19
4.3245003860991923e-35,3.970084804049004e-35,3.671774446934722e-34,1.0420281996293257e-34,1.5331240358733193e-34,1.7892036198107904e-34,1.8076627436676783e-34,1.7305397902190542e-34,6.449593506493506e-19
4.355474203442981e-35,4.001202573066494e-35,4.0078722190045815e-34,1.0367116348086318e-34,1.5457402131808066e-34,1.7780600760086067e-34,1.8326635234823434e-34,1.7527188109371266e-34,6.428721035598705e-19
4.2269746189651584e-35,3.854538434445568e-35,4.406884345208829e-34,1.0195753052415816e-34,1.51042037963366e-34,1.7508580758477456e-34,1.790645101250149e-34,1.7081800952728127e-34,6.407983225806452e-19
4.1911881478649743e-35,3.8994514267001505e-35,4.8950444658117165e-34,1.019336222429534e-34,1.508794715254773e-34,1.751441806438254e-34,1.7700589812796145e-34,1.6715403197722173e-34,6.387378778135048e-19
4.1866564703460095e-35,3.8590954058606806e-35,5.445279787445362e-34,1.024295294511472e-34,1.4962695058269008e-34,1.763766953068857e-34,1.7789227200842157e-34,1.685630953288642e-34,6.366906410256409e-19
4.054964153344641e-35,3.7747415036334863e-35,5.9110605803146496e-34,1.0064492151191948e-34,1.4780404515457337e-34,1.7199780939340766e-34,1.7516177410592817e-34,1.663333323754153e-34,6.346564856230032e-19
4.0494561479323333e-35,3.7029711273261937e-35,6.495305946441283e-34,9.944283135505285e-35,1.4876228355549633e-34,1.717008335045145e-34,1.7588878458010612e-34,1.6483331688143124e-34,6.326352866242037e-19
4.131607533474394e-35,3.793484110351474e-35,7.085010956225347e-34,9.959816575267137e-35,1.5010122341667466e-34,1.7074099872253786e-34,1.7646565994833677e-34,1.655622252450488e-34,6.306269206349206e-19
4.0039308094209857e-35,3.670914241002803e-35,7.516719639313549e-34,9.938666370035056e-35,1.4766693155740947e-34,1.6854054886202334e-34,1.7408967255329805e-34,1.6463092151316247e-34,6.286312658227847e-19
3.9502748055766827e-35,3.708159135532052e-35,8.033355941507635e-34,9.738033352490014e-35,1.453437169346447e-34,1.6707948331305376e-34,1.714948601002596e-34,1.6134120121908652e-34,6.266482018927444e-19
3.93494806234341e-35,3.5375613462488866e-35,8.365415044164504e-34,9.56101888932238e-35,1.466030278821505e-34,1.6700519234613522e-34,1.7086496206116376e-34,1.6213413988327092e-34,6.24677610062893e-19
3.8745344839193687e-35,3.497750066170957e-35,8.55110404604665e-34,9.564362479356172e-35,1.4388885804454348e-34,1.6478278494920163e-34,1.7079099894483398e-34,1.610167714470421e-34,6.227193730407523e-19
3.824335457330401e-35,3.470582662426049e-35,8.748644575190423e-34,9.414360598871913e-35,1.4318680256909014e-34,1.6357319310070472e-34,1.7114371169472853e-34,1.5997085601640308e-34,6.20773375e-19
3.8219782805006914e-35,3.396405633863728e-35,8.870858203309552e-34,9.468781868665227e-35,1.4275285180935135e-34,1.6111664555283753e-34,1.7045879701842942e-34,1.5807067977144527e-34,6.1883950155763225e-19
3.8136083450292676e-35,3.4121537536319014e-35,8.927824344783972e-34,9.388669689543122e-35,1.4215453886875604e-34,1.6044774290893233e-34,1.6750622043343526e-34,1.5786351002201033e-34,6.169176397515528e-19
3.749285252234294e-35,3.2692619323671457e-35,9.008939975377265e-34,9.240475476280614e-35,1.4032372738535154e-34,1.5819428834295704e-34,1.6713134462868551e-34,1.5518990567166588e-34,6.150076780185757e-19
3.7063613645540805e-35,3.2723151214962443e-35,8.944026745855106e-34,9.104983837479449e-35,1.417996941013825e-34,1.5931665659266975e-34,1.678941648897505e-34,1.5462310486983367e-34,6.131095061728394e-19
3.706576390244068e-35,3.251419523742586e-35,8.86289937721929e-34,9.131968808290618e-35,1.387204628941523e-34,1.5484326620573243e-34,1.6494524200641343e-34,1.5342002906435882e-34,6.112230153846153e-19
3.63064000620606e-35,3.1989956819285376e-35,8.846718654528536e-34,9.050136291894448e-35,1.3858502213938232e-34,1.5427658260511184e-34,1.654177960132059e-34,1.507989209955118e-34,6.093480981595091e-19
3.650397076009094e-35,3.1825664274873467e-35,8.863489653495036e-34,9.03675427144528e-35,1.3716801326583372e-34,1.5463071784738971e-34,1.6502080444274282e-34,1.5107118368145224e-34,6.074846483180428e-19
3.5470719474661336e-35,3.076392047249433e-35,8.721965487314484e-34,8.832873319334608e-35,1.363128680600553e-34,1.5244243197682122e-34,1.606150194104866e-34,1.4721054099322068e-34,6.056325609756097e-19
3.556881125065533e-35,3.0209867966458067e-35,8.622650113683831e-34,8.722909188055286e-35,1.3500073628718878e-34,1.5000537497308302e-34,1.5887669980411191e-34,1.4729887891402717e-34,6.037917325227964e-19
3.550581796350754e-35,3.0554261889411994e-35,8.591400559893545e-34,8.720550765567398e-35,1.3428761874102037e-34,1.4955661690391546e-34,1.6011298894265698e-34,1.4552848996423176e-34,6.019620606060606e-19
3.5339237570668153e-35,2.9937156502706384e-35,8.487354651718371e-34,8.72794207546024e-35,1.320278514768238e-34,1.4740908480600018e-34,1.5810462260645658e-34,1.4405598317238129e-34,6.001434441087613e-19
3.4403491660553567e-35,2.928540800559649e-35,8.336430833686785e-34,8.612676425785886e-35,1.3106708878925405e-34,1.459852263053849e-34,1.5726162556676195e-34,1.4563324627833942e-34,5.9833578313253e-19
3.4006128724966806e-35,2.957705685462232e-35,8.406824738957141e-34,8.527450182128941e-35,1.3002012640159092e-34,1.452329035297844e-34,1.5696698856032767e-34,1.4230934292497846e-34,5.96538978978979e-19
3.346260535030154e-35,2.8489650760866387e-35,8.138232054623436e-34,8.231406183112708e-35,1.2817830850731606e-34,1.417298240389257e-34,1.5251231795570939e-34,1.3899117930082173e-34,5.947529341317365e-19
3.3484207810035203e-35,2.851976778418882e-35,8.186517833139692e-34,8.387308112706395e-35,1.2955696717936637e-34,1.4229347071890507e-34,1.5187435394820318e-34,1.4011005127419461e-34,5.929775522388059e-19
3.255677783111169e-35,2.826712072774658e-35,8.081254179952446e-34,8.260570344878206e-35,1.283575843305199e-34,1.39673913259341e-34,1.535230261179333e-34,1.3756519568432232e-34,5.91212738095238e-19
3.283275579884827e-35,2.744201843808277e-35,7.886128084591e-34,8.167586192437531e-35,1.2547068762142354e-34,1.3791956070876459e-34,1.512273316508432e-34,1.359597707503884e-34,5.894583976261127e-19
3.313971681626208e-35,2.717229439412892e-35,7.917346223018017e-34,8.043374513764057e-35,1.26589398941313e-34,1.3763474322574554e-34,1.5144859103302304e-34,1.3490645728928075e-34,5.877144378698224e-19
3.1267499606178186e-35,2.6298148160940786e-35,7.774928667927091e-34,7.929483761052037e-35,1.2535502878983845e-34,1.3500406934726094e-34,1.4715783394737247e-34,1.32136074690017e-34,5.859807669616519e-19
3.0808665893823734e-35,2.63879900519768e-35,7.664404051008006e-34,7.964072076122976e-35,1.217482839710993e-34,1.3044613710943749e-34,1.4648660988112555e-34,1.312868408329042e-34,5.84257294117647e-19
3.122005821268698e-35,2.5913070628577766e-35,7.669925665773507e-34,7.868445860465528e-35,1.2127418698301847e-34,1.3228625695673323e-34,1.4423032265631157e-34,1.299890429423506e-34,5.825439296187683e-19
3.0716764188059185e-35,2.583772232365031e-35,7.54467110273548e-34,7.849518774089581e-35,1.2011393677860084e-34,1.319334172642235e-34,1.4560941787113951e-34,1.2760385211591597e-34,5.808405847953216e-19
3.147564889335003e-35,2.5153100813728975e-35,7.4693329355850464e-34,7.653989161342837e-35,1.2005966821103076e-34,1.31690692043764e-34,1.4247919434574424e-34,1.2714950696534508e-34,5.791471720116617e-19
3.0538174425987837e-35,2.526488555865262e-35,7.487948159831843e-34,7.611243376878926e-35,1.1906842696312229e-34,1.2838735080405952e-34,1.4301440378038473e-34,1.2601459818274125e-34,5.774636046511627e-19
3.023646078735917e-35,2.5001516853389556e-35,7.405145034413666e-34,7.538458535933365e-35,1.1782114299047394e-34,1.2756341572765812e-34,1.4033619591062704e-34,1.2469087066586298e-34,5.757897971014492e-19
2.953104658846759e-35,2.4372523674709417e-35,7.2902723697269754e-34,7.406839359184465e-35,1.1752916570971253e-34,1.2735253701320054e-34,1.4087281329401333e-34,1.2483493681271928e-34,5.741256647398844e-19
2.926860424051141e-35,2.45194079493146e-35,7.282181041368399e-34,7.441224177005492e-35,1.1535697050817401e-34,1.2568189093823837e-34,1.4031754460022785e-34,1.2215308374454253e-34,5.724711239193083e-19
2.8871367781040286e-35,2.3751869510578904e-35,7.074313529103408e-34,7.267215230433335e-35,1.142203163368807e-34,1.2199413048441338e-34,1.364770881931883e-34,1.2156097018816418e-34,5.7082609195402295e-19
2.850151629440929e-35,2.3638458388563752e-35,7.066075518477854e-34,7.208715063483169e-35,1.132446918038716e-34,1.20344524783113e-34,1.385643712081198e-34,1.2052410458320265e-34,5.691904871060171e-19
2.7085406027892216e-35,2.163113755150887e-35,7.252361155353228e-34,5.93748492625717e-35,9.01001570941011e-35,9.693594356903158e-35,1.056142592815034e-34,9.71669171118346e-35,5.675642285714285e-19
2.671901924464141e-35,2.1398769687799567e-35,7.154886357009136e-34,5.88977534967871e-35,8.946090948655537e-35,9.625521589431191e-35,1.054623881100277e-34,9.598406812657908e-35,5.659472364672364e-19
2.672586361368151e-35,2.1604639345211498e-35,7.157860630938445e-34,5.853349825103297e-35,8.934942407234423e-35,9.588036764871783e-35,1.0540723764955737e-34,9.59753902036014e-35,5.643394318181817e-19
2.6355220488948785e-35,2.0944613157210108e-35,6.9835712599144336e-34,5.741407810525167e-35,8.777011089176222e-35,9.356968869081805e-35,1.0366404787003628e-34,9.487911711195421e-35,5.627407365439093e-19
2.617444632580873e-35,2.0701369305750116e-35,6.961297283328355e-34,5.778480553926589e-35,8.708349433860818e-35,9.420026090900635e-35,1.043007269882853e-34,9.369786138475844e-35,5.611510734463277e-19
2.559372862088704e-35,2.0503890701196913e-35,6.89512176859906e-34,5.750776597272554e-35,8.676865879790023e-35,9.19395109627184e-35,1.0185413306221335e-34,9.28856924642437e-35,5.59570366197183e-19
2.559277800017524e-35,2.026116027326667e-35,6.788279408557284e-34,5.574900907487077e-35,8.556407675003792e-35,9.145632579238713e-35,1.0079522621557016e-34,9.249326007838959e-35,5.579985393258427e-19
2.5483864110582926e-35,2.022317244932944e-35,6.793490326547759e-34,5.625913961302188e-35,8.540779905432927e-35,9.20128416884176e-35,1.011969897516065e-34,9.220433310227199e-35,5.564355182072829e-19
2.5186471633646277e-35,2.0100033198194534e-35,6.664325565859104e-34,5.580408720744862e-35,8.362888305557468e-35,9.003018696922174e-35,9.981966642720925e-35,9.063827395743401e-35,5.548812290502793e-19
2.516871098950171e-35,1.9759415705622823e-35,6.6193697603129925e-34,5.536457917616989e-35,8.343117511428522e-35,8.925000283771815e-35,9.965374611009055e-35,8.978238091824146e-35,5.533355988857938e-19
2.483716086139318e-35,1.9595604931394038e-35,6.552121346974834e-34,5.521169352875989e-35,8.33247010945231e-35,8.867856531660536e-35,9.906893104750305e-35,8.94690723786557e-35,5.517985555555554e-19
2.4665940599558643e-35,1.9340889474055007e-35,6.483932322967896e-34,5.441461020505209e-35,8.217297311426434e-35,8.797452285146785e-35,9.832221837963248e-35,8.901492644001494e-35,5.502700277008309e-19
2.453613076819952e-35,1.9212273031533585e-35,6.4236853765002446e-34,5.389530654044867e-35,8.190440195087828e-35,8.650453583283747e-35,9.76922734743533e-35,8.76313438711796e-35,5.487499447513811e-19
2.4427389149942696e-35,1.8928041537672684e-35,6.345812563545269e-34,5.297082134993522e-35,8.010465548077093e-35,8.615833652392456e-35,9.591358073649492e-35,8.675124783776371e-35,5.472382369146005e-19
2.44246744086622e-35,1.8892194241855997e-35,6.298795174807448e-34,5.347987253273106e-35,8.093605465198081e-35,8.50059678153207e-35,9.62134554433364e-35,8.699583182346791e-35,5.45734835164835e-19
2.412941381099435e-35,1.8662518537478193e-35,6.234526571732458e-34,5.247496449532687e-35,8.039983178716917e-35,8.450467823372881e-35,9.554600739734866e-35,8.60552438713268e-35,5.442396712328767e-19
2.386231064263871e-35,1.8696369529988995e-35,6.173783348993924e-34,5.276808442513138e-35,7.95611273117904e-35,8.351869808839463e-35,9.484618223472744e-35,8.553219105031883e-35,5.427526775956284e-19
2.3819554358863058e-35,1.8312230478610992e-35,6.1122797172619726e-34,5.202522069627385e-35,7.865467357102757e-35,8.29441387692896e-35,9.408660408544879e-35,8.468026660426183e-35,5.4127378746594e-19
2.3785989157914493e-35,1.8179600608493414e-35,6.0656342620636996e-34,5.175894160070723e-35,7.825240673575079e-35,8.226628069578558e-35,9.374359841606687e-35,8.45176419648099e-35,5.398029347826087e-19
2.3487322937637067e-35,1.809988896768796e-35,6.054135126475838e-34,5.131740039119141e-35,7.770779375313323e-35,8.164557678460757e-35,9.30358256937637e-35,8.424093896215005e-35,5.383400542005419e-19
2.3283104897150664e-35,1.7900086823776954e-35,5.960523468200969e-34,5.084543861862172e-35,7.723210990319855e-35,8.057707420303485e-35,9.255369110871742e-35,8.316041724902504e-35,5.368850810810811e-19
2.3024968109063986e-35,1.7678524558546573e-35,5.918078060349058e-34,5.058719644741854e-35,7.643357705602029e-35,7.965539493926304e-35,9.183823229495204e-35,8.251810068419871e-35,5.354379514824797e-19
2.291948256885382e-35,1.7632910176688303e-35,5.826182374182937e-34,5.065050553982907e-35,7.555928799161343e-35,7.894063839321008e-35,9.096718668347285e-35,8.27925793086486e-35,5.339986021505375e-19
2.2582251558327097e-35,1.7546442147748562e-35,5.784091919766193e-34,5.01408946721449e-35,7.466064755490864e-35,7.86237333267741e-35,9.04272536044234e-35,8.129340949005142e-35,5.325669705093833e-19
2.2534318580507727e-35,1.745846162082581e-35,5.746727620990845e-34,4.997207213493664e-35,7.482622995721261e-35,7.822379333759254e-35,9.042360519827981e-35,8.102215867107605e-35,5.311429946524064e-19
2.2636818942462916e-35,1.7417849497639586e-35,5.7482441098778995e-34,4.941000566862195e-35,7.459385120534513e-35,7.785108254830364e-35,9.03161263355856e-35,8.117516966091803e-35,5.297266133333333e-19
2.2271444194241966e-35,1.700981033324209e-35,5.640688511001208e-34,4.913264250114734e-35,7.352208572818305e-35,7.684463774114025e-35,8.944232424177046e-35,8.051463493092079e-35,5.283177659574467e-19
2.223437205776423e-35,1.7108239013137588e-35,5.5932977915316596e-34,4.872637541944333e-35,7.266619337263371e-35,7.578487248989869e-35,8.865183283375665e-35,8.027613463492699e-35,5.269163925729443e-19
2.2204424197395023e-35,1.709653926955892e-35,5.587490647420079e-34,4.894703407681083e-35,7.307908757853232e-35,7.602191623289551e-35,8.827117671040042e-35,7.961338053110991e-35,5.2552243386243385e-19
2.2049123846771633e-35,1.6919487318571786e-35,5.517154576503872e-34,4.8128404738653163e-35,7.207607898810153e-35,7.461781428328984e-35,8.770262582489799e-35,7.940723483994628e-35,5.241358311345646e-19
2.1811824986693216e-35,1.6858508471581274e-35,5.4526245088945105e-34,4.7858144061183153e-35,7.146389133717435e-35,7.436511433709762e-35,8.701283257173703e-35,7.86090067597383e-35,5.227565263157894e-19
2.1720137550421027e-35,1.6653791206753786e-35,5.422235064184617e-34,4.7758631977777153e-35,7.099127745657022e-35,7.377513840539527e-35,8.684854040483765e-35,7.864722119590845e-35,5.213844619422571e-19
2.1408014788945398e-35,1.662450035781831e-35,5.37886368628108e-34,4.7250481393983116e-35,7.037574843188833e-35,7.317523760875024e-35,8.579649725756869e-35,7.830026496633122e-35,5.200195811518324e-19
2.1390445645918395e-35,1.6479206579723085e-35,5.325589882654179e-34,4.6700750892375384e-35,6.95257076936601e-35,7.281519463036832e-35,8.553353235313708e-35,7.815893477180944e-35,5.186618276762401e-19
2.0995999465955193e-35,1.6403485742849212e-35,5.2705524742253094e-34,4.669292142202402e-35,6.924197646524257e-35,7.172563438304757e-35,8.49683023807814e-35,7.741934151765907e-35,5.173111458333333e-19
2.1124461595515724e-35,1.651950168692662e-35,5.261631474274394e-34,4.6755416214872645e-35,6.887856675096064e-35,7.199672897765683e-35,8.475057627774225e-35,7.775274427961466e-35,5.159674805194804e-19
2.0962423868917586e-35,1.6322173181055096e-35,5.2099583596678505e-34,4.6407210987618673e-35,6.826367381061682e-35,7.122971892988642e-35,8.420242946859861e-35,7.706653030239524e-35,5.146307772020724e-19
2.0930437294711867e-35,1.6147722444636347e-35,5.131208639089302e-34,4.5899727325186185e-35,6.813442090051739e-35,7.028728401986364e-35,8.379303645411892e-35,7.681214438699997e-35,5.133009819121446e-19
2.0774366736267957e-35,1.6076050354592192e-35,5.111931850192352e-34,4.573977368860957e-35,6.768049812694471e-35,6.986307553815512e-35,8.36474140326296e-35,7.687929029399024e-35,5.119780412371133e-19
2.058477172156523e-35,1.5949589528945438e-35,5.077283764123272e-34,4.564191506526599e-35,6.711496994468658e-35,6.934304456457649e-35,8.326852121852596e-35,7.643746929734028e-35,5.106619023136247e-19
2.0555234526853027e-35,1.5886063915115622e-35,5.038650394042577e-34,4.515690222063436e-35,6.65446561855569e-35,6.853080058601494e-35,8.274210738927783e-35,7.609341627458826e-35,5.093525128205128e-19
2.039422200593388e-35,1.5867205085334976e-35,5.0042469992898775e-34,4.501575567518551e-35,6.625307238667627e-35,6.840104345118596e-35,8.224803737144827e-35,7.563801228105125e-35,5.080498209718669e-19
2.0390467876806088e-35,1.579823745704273e-35,4.9622466555953834e-34,4.486382508368356e-35,6.56118671377092e-35,6.807615122920242e-35,8.145410593206857e-35,7.550808340671882e-35,5.06753775510204e-19
2.018331732969164e-35,1.576026061243422e-35,4.934351176077218e-34,4.4511663466617873e-35,6.542596975680238e-35,6.764095955722879e-35,8.153231195750966e-35,7.544694231360076e-35,5.054643256997455e-19
2.0067087234828171e-35,1.5608767852870966e-35,4.8816164794097175e-34,4.4212210485739593e-35,6.486550375282816e-35,6.669038588242676e-35,8.082392440285692e-35,7.496198162912654e-35,5.041814213197969e-19
1.9959937789951076e-35,1.5604073374184432e-35,4.839050108888952e-34,4.4011206758550787e-35,6.463277602045767e-35,6.625735316203898e-35,8.059256457905848e-35,7.480126603502831e-35,5.029050126582278e-19
1.993604477090853e-35,1.5524455031513924e-35,4.8215702015038195e-34,4.3791902462325305e-35,6.426348504265804e-35,6.583825470853234e-35,8.03514404254536e-35,7.494952016091884e-35,5.016350505050505e-19
1.972489498772503e-35,1.5379264379927254e-35,4.7812321563537385e-34,4.3351659147080614e-35,6.369585206175544e-35,6.538262522595842e-35,7.961071251390541e-35,7.448978857692697e-35,5.003714861460958e-19
1.967425820808241e-35,1.5399938234892137e-35,4.741857784437912e-34,4.321774587783549e-35,6.341835793836437e-35,6.489943487599985e-35,7.919729337060568e-35,7.436868618368987e-35,4.991142713567839e-19
1.962065490361311e-35,1.5372818731498569e-35,4.697023654902525e-34,4.2944567986232684e-35,6.292061628838257e-35,6.469778453737012e-35,7.860156791229105e-35,7.372838735456046e-35,4.9786335839599e-19
1.9409958996104691e-35,1.5294643801032777e-35,4.677675249020846e-34,4.266351199827452e-35,6.254395470893571e-35,6.384337788074824e-35,7.779834520319478e-35,7.364953601960053e-35,4.966186999999999e-19
