nm,75,15,18,225,grupo
200.0,,,,,ACh
200.5,,,,,ACh
201.0,,,,,ACh
201.5,,,,,ACh
202.0,,,,,ACh
202.5,,,,,ACh
203.0,,,,,ACh
203.5,,,,,ACh
204.0,,,,,ACh
204.5,,,,,ACh
205.0,,,,,ACh
205.5,,,,,ACh
206.0,,,,,ACh
206.5,,,,,ACh
207.0,,,,,ACh
207.5,,,,,ACh
208.0,,,,,ACh
208.5,,,,,ACh
209.0,,,,,ACh
209.5,1.165,,,,ACh
210.0,1.115,,,,ACh
210.5,1.078,,,,ACh
211.0,1.046,,,,ACh
211.5,1.014,,,,ACh
212.0,0.98,,,,ACh
212.5,0.949,,,,ACh
213.0,0.922,,,,ACh
213.5,0.896,,,,ACh
214.0,0.87,,,,ACh
214.5,0.846,,1.23,,ACh
215.0,0.823,,1.189,,ACh
215.5,0.802,1.808,1.152,,ACh
216.0,0.782,1.748,1.118,,ACh
216.5,0.764,1.691,1.086,,ACh
217.0,0.745,1.636,1.057,,ACh
217.5,0.727,1.587,1.03,,ACh
218.0,0.709,1.543,1.004,,ACh
218.5,0.692,1.505,0.978,,ACh
219.0,0.677,1.467,0.952,,ACh
219.5,0.662,1.43,0.928,,ACh
220.0,0.647,1.392,0.905,,ACh
220.5,0.632,1.355,0.884,,ACh
221.0,0.617,1.319,0.864,,ACh
221.5,0.603,1.285,0.844,,ACh
222.0,0.589,1.254,0.824,,ACh
222.5,0.576,1.225,0.804,,ACh
223.0,0.563,1.196,0.786,1.429,ACh
223.5,0.551,1.169,0.768,1.391,ACh
224.0,0.539,1.144,0.751,1.357,ACh
224.5,0.528,1.119,0.735,1.326,ACh
225.0,0.518,1.095,0.72,1.297,ACh
225.5,0.508,1.073,0.707,1.271,ACh
226.0,0.499,1.053,0.694,1.246,ACh
226.5,0.491,1.035,0.683,1.224,ACh
227.0,0.483,1.018,0.671,1.202,ACh
227.5,0.476,1.003,0.661,1.182,ACh
228.0,0.469,0.988,0.651,1.162,ACh
228.5,0.462,0.975,0.642,1.143,ACh
229.0,0.456,0.962,0.633,1.125,ACh
229.5,0.45,0.95,0.625,1.107,ACh
230.0,0.444,0.938,0.617,1.09,ACh
230.5,0.438,0.926,0.61,1.074,ACh
231.0,0.432,0.914,0.602,1.059,ACh
231.5,0.427,0.903,0.595,1.043,ACh
232.0,0.422,0.892,0.587,1.028,ACh
232.5,0.418,0.882,0.58,1.013,ACh
233.0,0.413,0.871,0.573,0.998,ACh
233.5,0.408,0.861,0.566,0.984,ACh
234.0,0.403,0.851,0.56,0.969,ACh
234.5,0.398,0.841,0.553,0.955,ACh
235.0,0.394,0.832,0.546,0.942,ACh
235.5,0.389,0.823,0.54,0.93,ACh
236.0,0.385,0.815,0.534,0.918,ACh
236.5,0.382,0.807,0.529,0.906,ACh
237.0,0.378,0.799,0.524,0.895,ACh
237.5,0.374,0.791,0.519,0.885,ACh
238.0,0.371,0.784,0.514,0.876,ACh
238.5,0.368,0.776,0.51,0.867,ACh
239.0,0.365,0.77,0.505,0.859,ACh
239.5,0.362,0.764,0.501,0.851,ACh
240.0,0.359,0.758,0.497,0.843,ACh
240.5,0.357,0.753,0.494,0.836,ACh
241.0,0.354,0.748,0.49,0.83,ACh
241.5,0.352,0.743,0.487,0.825,ACh
242.0,0.35,0.738,0.484,0.819,ACh
242.5,0.348,0.733,0.482,0.814,ACh
243.0,0.346,0.729,0.479,0.81,ACh
243.5,0.345,0.726,0.477,0.807,ACh
244.0,0.343,0.722,0.475,0.804,ACh
244.5,0.341,0.719,0.473,0.801,ACh
245.0,0.34,0.716,0.471,0.798,ACh
245.5,0.339,0.713,0.469,0.796,ACh
246.0,0.338,0.71,0.467,0.795,ACh
246.5,0.337,0.707,0.466,0.793,ACh
247.0,0.336,0.705,0.464,0.793,ACh
247.5,0.335,0.702,0.463,0.792,ACh
248.0,0.334,0.7,0.462,0.792,ACh
248.5,0.333,0.698,0.461,0.793,ACh
249.0,0.333,0.696,0.461,0.793,ACh
249.5,0.332,0.694,0.46,0.794,ACh
250.0,0.332,0.692,0.459,0.795,ACh
250.5,0.331,0.69,0.458,0.796,ACh
251.0,0.331,0.689,0.457,0.797,ACh
251.5,0.33,0.687,0.456,0.799,ACh
252.0,0.329,0.686,0.455,0.8,ACh
252.5,0.329,0.685,0.454,0.802,ACh
253.0,0.329,0.684,0.454,0.803,ACh
253.5,0.329,0.683,0.454,0.805,ACh
254.0,0.329,0.682,0.454,0.807,ACh
254.5,0.329,0.682,0.454,0.81,ACh
255.0,0.33,0.682,0.454,0.813,ACh
255.5,0.331,0.682,0.455,0.816,ACh
256.0,0.331,0.682,0.455,0.819,ACh
256.5,0.332,0.684,0.456,0.822,ACh
257.0,0.332,0.685,0.457,0.826,ACh
257.5,0.332,0.687,0.458,0.83,ACh
258.0,0.333,0.689,0.459,0.833,ACh
258.5,0.334,0.69,0.46,0.837,ACh
259.0,0.335,0.692,0.462,0.839,ACh
259.5,0.336,0.693,0.463,0.842,ACh
260.0,0.337,0.695,0.465,0.844,ACh
260.5,0.338,0.697,0.466,0.848,ACh
261.0,0.34,0.7,0.469,0.852,ACh
261.5,0.341,0.704,0.471,0.856,ACh
262.0,0.344,0.709,0.474,0.859,ACh
262.5,0.346,0.714,0.477,0.863,ACh
263.0,0.349,0.719,0.48,0.867,ACh
263.5,0.351,0.724,0.482,0.87,ACh
264.0,0.353,0.728,0.485,0.873,ACh
264.5,0.354,0.733,0.488,0.876,ACh
265.0,0.356,0.736,0.491,0.877,ACh
265.5,0.357,0.74,0.493,0.878,ACh
266.0,0.359,0.742,0.495,0.878,ACh
266.5,0.36,0.745,0.496,0.878,ACh
267.0,0.361,0.747,0.497,0.877,ACh
267.5,0.362,0.75,0.499,0.875,ACh
268.0,0.364,0.754,0.5,0.874,ACh
268.5,0.366,0.758,0.502,0.874,ACh
269.0,0.367,0.762,0.505,0.874,ACh
269.5,0.368,0.765,0.507,0.874,ACh
270.0,0.37,0.769,0.509,0.874,ACh
270.5,0.371,0.773,0.512,0.874,ACh
271.0,0.373,0.777,0.514,0.874,ACh
271.5,0.375,0.78,0.516,0.873,ACh
272.0,0.376,0.783,0.517,0.871,ACh
272.5,0.376,0.786,0.519,0.868,ACh
273.0,0.376,0.788,0.52,0.864,ACh
273.5,0.376,0.79,0.52,0.859,ACh
274.0,0.375,0.792,0.52,0.854,ACh
274.5,0.376,0.792,0.52,0.849,ACh
275.0,0.376,0.792,0.521,0.844,ACh
275.5,0.376,0.791,0.521,0.838,ACh
276.0,0.376,0.791,0.52,0.832,ACh
276.5,0.375,0.792,0.519,0.827,ACh
277.0,0.375,0.792,0.519,0.822,ACh
277.5,0.374,0.792,0.518,0.817,ACh
278.0,0.373,0.792,0.518,0.811,ACh
278.5,0.372,0.792,0.517,0.805,ACh
279.0,0.371,0.792,0.516,0.799,ACh
279.5,0.371,0.791,0.515,0.794,ACh
280.0,0.37,0.79,0.514,0.788,ACh
280.5,0.37,0.788,0.512,0.782,ACh
281.0,0.368,0.785,0.511,0.776,ACh
281.5,0.367,0.783,0.51,0.77,ACh
282.0,0.364,0.78,0.508,0.763,ACh
282.5,0.362,0.777,0.506,0.756,ACh
283.0,0.361,0.773,0.503,0.749,ACh
283.5,0.36,0.769,0.5,0.742,ACh
284.0,0.358,0.765,0.498,0.734,ACh
284.5,0.356,0.761,0.495,0.727,ACh
285.0,0.354,0.756,0.492,0.719,ACh
285.5,0.351,0.752,0.489,0.712,ACh
286.0,0.348,0.746,0.486,0.705,ACh
286.5,0.345,0.741,0.482,0.698,ACh
287.0,0.343,0.736,0.479,0.69,ACh
287.5,0.34,0.731,0.475,0.683,ACh
288.0,0.338,0.725,0.471,0.675,ACh
288.5,0.335,0.72,0.468,0.667,ACh
289.0,0.332,0.714,0.464,0.66,ACh
289.5,0.329,0.709,0.46,0.653,ACh
290.0,0.326,0.703,0.457,0.646,ACh
290.5,0.324,0.697,0.453,0.639,ACh
291.0,0.321,0.692,0.449,0.633,ACh
291.5,0.319,0.687,0.445,0.627,ACh
292.0,0.317,0.682,0.442,0.621,ACh
292.5,0.315,0.677,0.438,0.615,ACh
293.0,0.313,0.673,0.435,0.61,ACh
293.5,0.311,0.668,0.432,0.606,ACh
294.0,0.31,0.664,0.43,0.603,ACh
294.5,0.308,0.66,0.428,0.6,ACh
295.0,0.307,0.656,0.426,0.597,ACh
295.5,0.305,0.652,0.423,0.593,ACh
296.0,0.303,0.648,0.42,0.59,ACh
296.5,0.302,0.644,0.417,0.587,ACh
297.0,0.301,0.641,0.415,0.585,ACh
297.5,0.299,0.638,0.413,0.584,ACh
298.0,0.297,0.635,0.412,0.582,ACh
298.5,0.295,0.632,0.412,0.579,ACh
299.0,0.293,0.63,0.411,0.577,ACh
299.5,0.293,0.627,0.41,0.574,ACh
300.0,0.293,0.624,0.408,0.572,ACh
300.5,0.292,0.621,0.406,0.57,ACh
301.0,0.292,0.62,0.404,0.569,ACh
301.5,0.291,0.619,0.402,0.568,ACh
302.0,0.29,0.618,0.4,0.568,ACh
302.5,0.289,0.617,0.399,0.567,ACh
303.0,0.288,0.616,0.399,0.565,ACh
303.5,0.288,0.615,0.398,0.563,ACh
304.0,0.288,0.614,0.397,0.562,ACh
304.5,0.287,0.612,0.396,0.561,ACh
305.0,0.286,0.61,0.395,0.561,ACh
305.5,0.285,0.608,0.395,0.561,ACh
306.0,0.285,0.607,0.395,0.561,ACh
306.5,0.285,0.607,0.394,0.561,ACh
307.0,0.285,0.607,0.393,0.561,ACh
307.5,0.284,0.607,0.393,0.56,ACh
308.0,0.284,0.607,0.392,0.558,ACh
308.5,0.284,0.606,0.393,0.556,ACh
309.0,0.284,0.605,0.393,0.554,ACh
309.5,0.285,0.605,0.392,0.552,ACh
310.0,0.285,0.605,0.393,0.551,ACh
310.5,0.284,0.605,0.393,0.549,ACh
311.0,0.283,0.606,0.394,0.548,ACh
311.5,0.283,0.606,0.395,0.546,ACh
312.0,0.283,0.607,0.395,0.545,ACh
312.5,0.284,0.608,0.394,0.545,ACh
313.0,0.285,0.61,0.394,0.544,ACh
313.5,0.286,0.612,0.394,0.544,ACh
314.0,0.285,0.613,0.394,0.544,ACh
314.5,0.285,0.614,0.395,0.543,ACh
315.0,0.285,0.614,0.395,0.543,ACh
315.5,0.285,0.614,0.395,0.542,ACh
316.0,0.287,0.614,0.396,0.542,ACh
316.5,0.288,0.615,0.396,0.541,ACh
317.0,0.29,0.617,0.397,0.541,ACh
317.5,0.29,0.618,0.397,0.541,ACh
318.0,0.29,0.619,0.398,0.541,ACh
318.5,0.289,0.619,0.398,0.541,ACh
319.0,0.288,0.618,0.398,0.541,ACh
319.5,0.286,0.617,0.398,0.541,ACh
320.0,0.286,0.617,0.397,0.54,ACh
320.5,0.287,0.617,0.397,0.54,ACh
321.0,0.287,0.616,0.397,0.54,ACh
321.5,0.286,0.614,0.397,0.54,ACh
322.0,0.286,0.612,0.396,0.54,ACh
322.5,0.286,0.611,0.395,0.539,ACh
323.0,0.286,0.609,0.395,0.539,ACh
323.5,0.286,0.608,0.394,0.538,ACh
324.0,0.286,0.607,0.393,0.537,ACh
324.5,0.285,0.605,0.392,0.537,ACh
325.0,0.283,0.604,0.39,0.537,ACh
325.5,0.282,0.602,0.389,0.538,ACh
326.0,0.28,0.6,0.387,0.538,ACh
326.5,0.279,0.597,0.386,0.538,ACh
327.0,0.278,0.593,0.384,0.538,ACh
327.5,0.278,0.591,0.382,0.537,ACh
328.0,0.277,0.589,0.38,0.538,ACh
328.5,0.275,0.587,0.378,0.538,ACh
329.0,0.273,0.583,0.376,0.537,ACh
329.5,0.27,0.578,0.374,0.537,ACh
330.0,0.268,0.572,0.372,0.535,ACh
330.5,0.267,0.566,0.37,0.535,ACh
331.0,0.265,0.561,0.367,0.534,ACh
331.5,0.263,0.556,0.364,0.533,ACh
332.0,0.262,0.551,0.361,0.532,ACh
332.5,0.261,0.547,0.358,0.532,ACh
333.0,0.26,0.542,0.355,0.532,ACh
333.5,0.258,0.537,0.352,0.533,ACh
334.0,0.256,0.531,0.348,0.534,ACh
334.5,0.253,0.524,0.344,0.535,ACh
335.0,0.251,0.518,0.34,0.535,ACh
335.5,0.249,0.513,0.336,0.534,ACh
336.0,0.246,0.507,0.333,0.532,ACh
336.5,0.242,0.501,0.329,0.53,ACh
337.0,0.239,0.495,0.326,0.53,ACh
337.5,0.237,0.489,0.323,0.53,ACh
338.0,0.235,0.482,0.32,0.53,ACh
338.5,0.232,0.476,0.317,0.53,ACh
339.0,0.23,0.468,0.313,0.53,ACh
339.5,0.227,0.461,0.307,0.528,ACh
340.0,0.226,0.453,0.3,0.526,ACh
340.5,0.226,0.444,0.291,0.523,ACh
341.0,0.225,0.434,0.282,0.524,ACh
341.5,0.221,0.424,0.277,0.526,ACh
342.0,0.215,0.419,0.275,0.527,ACh
342.5,0.211,0.418,0.276,0.525,ACh
343.0,0.209,0.418,0.276,0.521,ACh
343.5,0.205,0.412,0.272,0.518,ACh
344.0,0.198,0.399,0.266,0.517,ACh
344.5,0.188,0.382,0.26,0.516,ACh
345.0,0.18,0.368,0.256,0.516,ACh
345.5,0.175,0.361,0.253,0.515,ACh
346.0,0.174,0.362,0.249,0.513,ACh
346.5,0.177,0.364,0.246,0.511,ACh
347.0,0.18,0.362,0.243,0.509,ACh
347.5,0.18,0.355,0.24,0.511,ACh
348.0,0.173,0.347,0.237,0.513,ACh
348.5,0.162,0.34,0.232,0.515,ACh
349.0,0.153,0.335,0.225,0.514,ACh
349.5,0.152,0.327,0.218,0.515,ACh
350.0,0.155,0.318,0.213,0.517,ACh
350.5,0.156,0.31,0.211,0.52,ACh
351.0,0.155,0.303,0.21,0.521,ACh
351.5,0.153,0.296,0.208,0.518,ACh
352.0,0.152,0.29,0.204,0.514,ACh
352.5,0.153,0.286,0.199,0.51,ACh
353.0,0.155,0.283,0.196,0.507,ACh
353.5,0.154,0.28,0.193,0.506,ACh
354.0,0.151,0.273,0.187,0.508,ACh
354.5,0.145,0.264,0.178,0.511,ACh
355.0,0.14,0.254,0.171,0.512,ACh
355.5,0.139,0.246,0.167,0.511,ACh
356.0,0.139,0.241,0.167,0.51,ACh
356.5,0.14,0.239,0.17,0.51,ACh
357.0,0.139,0.238,0.174,0.51,ACh
357.5,0.136,0.236,0.176,0.51,ACh
358.0,0.134,0.231,0.176,0.509,ACh
358.5,0.133,0.223,0.173,0.507,ACh
359.0,0.13,0.216,0.165,0.507,ACh
359.5,0.123,0.21,0.154,0.509,ACh
360.0,0.115,0.207,0.144,0.513,ACh
360.5,0.108,0.204,0.139,0.514,ACh
361.0,0.105,0.202,0.14,0.511,ACh
361.5,0.105,0.201,0.145,0.506,ACh
362.0,0.108,0.203,0.15,0.502,ACh
362.5,0.112,0.202,0.153,0.503,ACh
363.0,0.115,0.197,0.153,0.508,ACh
363.5,0.118,0.188,0.152,0.512,ACh
364.0,0.118,0.18,0.148,0.514,ACh
364.5,0.115,0.177,0.143,0.513,ACh
365.0,0.111,0.177,0.137,0.511,ACh
365.5,0.107,0.179,0.135,0.51,ACh
366.0,0.102,0.178,0.135,0.508,ACh
366.5,0.098,0.175,0.138,0.505,ACh
367.0,0.094,0.172,0.141,0.503,ACh
367.5,0.089,0.171,0.142,0.503,ACh
368.0,0.085,0.17,0.139,0.504,ACh
368.5,0.084,0.165,0.131,0.506,ACh
369.0,0.089,0.158,0.118,0.507,ACh
369.5,0.097,0.153,0.105,0.505,ACh
370.0,0.103,0.153,0.099,0.5,ACh
370.5,0.105,0.155,0.105,0.491,ACh
371.0,0.102,0.155,0.12,0.484,ACh
371.5,0.098,0.151,0.135,0.483,ACh
372.0,0.096,0.145,0.137,0.486,ACh
372.5,0.096,0.142,0.122,0.486,ACh
373.0,0.096,0.145,0.102,0.48,ACh
373.5,0.092,0.151,0.093,0.472,ACh
374.0,0.082,0.155,0.097,0.467,ACh
374.5,0.074,0.154,0.106,0.468,ACh
375.0,0.071,0.148,0.11,0.472,ACh
375.5,0.074,0.142,0.111,0.475,ACh
376.0,0.077,0.14,0.114,0.478,ACh
376.5,0.076,0.145,0.118,0.477,ACh
377.0,0.074,0.153,0.12,0.473,ACh
377.5,0.069,0.155,0.12,0.464,ACh
378.0,0.064,0.146,0.12,0.456,ACh
378.5,0.06,0.135,0.117,0.45,ACh
379.0,0.063,0.127,0.11,0.449,ACh
379.5,0.069,0.127,0.1,0.449,ACh
380.0,0.075,0.128,0.093,0.446,ACh
380.5,0.076,0.126,0.093,0.441,ACh
381.0,0.077,0.121,0.098,0.438,ACh
381.5,0.08,0.116,0.104,0.437,ACh
382.0,0.083,0.113,0.106,0.436,ACh
382.5,0.084,0.114,0.101,0.433,ACh
383.0,0.078,0.117,0.093,0.429,ACh
383.5,0.065,0.117,0.086,0.426,ACh
384.0,0.052,0.115,0.085,0.422,ACh
384.5,0.046,0.109,0.087,0.42,ACh
385.0,0.049,0.103,0.088,0.418,ACh
385.5,0.058,0.098,0.086,0.412,ACh
386.0,0.068,0.097,0.083,0.402,ACh
386.5,0.072,0.102,0.079,0.392,ACh
387.0,0.07,0.111,0.074,0.387,ACh
387.5,0.066,0.118,0.072,0.389,ACh
388.0,0.064,0.115,0.075,0.396,ACh
388.5,0.063,0.104,0.083,0.401,ACh
389.0,0.064,0.091,0.092,0.399,ACh
389.5,0.064,0.082,0.095,0.39,ACh
390.0,0.067,0.079,0.091,0.379,ACh
390.5,0.07,0.084,0.083,0.37,ACh
391.0,0.073,0.097,0.076,0.366,ACh
391.5,0.073,0.111,0.07,0.364,ACh
392.0,0.072,0.119,0.067,0.364,ACh
392.5,0.07,0.117,0.067,0.361,ACh
393.0,0.064,0.107,0.072,0.355,ACh
393.5,0.058,0.099,0.081,0.349,ACh
394.0,0.054,0.098,0.087,0.344,ACh
394.5,0.054,0.101,0.086,0.341,ACh
395.0,0.055,0.102,0.08,0.339,ACh
395.5,0.056,0.099,0.073,0.337,ACh
396.0,0.055,0.099,0.068,0.336,ACh
396.5,0.05,0.104,0.069,0.333,ACh
397.0,0.044,0.109,0.073,0.326,ACh
397.5,0.04,0.108,0.078,0.315,ACh
398.0,0.041,0.1,0.079,0.306,ACh
398.5,0.044,0.092,0.074,0.302,ACh
399.0,0.048,0.091,0.068,0.3,ACh
399.5,0.05,0.095,0.067,0.298,ACh
400.0,0.048,0.098,0.071,0.293,ACh
400.5,0.046,0.097,0.075,0.287,ACh
401.0,0.045,0.097,0.076,0.281,ACh
401.5,0.047,0.096,0.074,0.278,ACh
402.0,0.049,0.095,0.073,0.278,ACh
402.5,0.049,0.092,0.074,0.279,ACh
403.0,0.049,0.086,0.077,0.278,ACh
403.5,0.048,0.08,0.078,0.27,ACh
404.0,0.048,0.073,0.076,0.257,ACh
404.5,0.05,0.069,0.072,0.244,ACh
405.0,0.052,0.071,0.068,0.236,ACh
405.5,0.053,0.078,0.066,0.233,ACh
406.0,0.052,0.082,0.064,0.232,ACh
406.5,,,,,ACh
407.0,,,,,ACh
407.5,,,,,ACh
408.0,,,,,ACh
408.5,,,,,ACh
409.0,,,,,ACh
409.5,,,,,ACh
410.0,,,,,ACh
200.0,,,,,AGo
200.5,,,,,AGo
201.0,,,,,AGo
201.5,,,,,AGo
202.0,,,,,AGo
202.5,,,,,AGo
203.0,,,,,AGo
203.5,,,,,AGo
204.0,,,,,AGo
204.5,,,,,AGo
205.0,,,,,AGo
205.5,,,,,AGo
206.0,,,,,AGo
206.5,,,,,AGo
207.0,,,,,AGo
207.5,1.416,,,,AGo
208.0,1.314,,,,AGo
208.5,1.243,,,,AGo
209.0,1.198,,,,AGo
209.5,1.164,,,,AGo
210.0,1.129,,,,AGo
210.5,1.086,,,,AGo
211.0,1.036,,,,AGo
211.5,0.989,,,,AGo
212.0,0.952,,,,AGo
212.5,0.925,,,,AGo
213.0,0.902,,,,AGo
213.5,0.878,,,,AGo
214.0,0.853,,,,AGo
214.5,0.828,,,,AGo
215.0,0.804,,,,AGo
215.5,0.78,,,,AGo
216.0,0.758,,,,AGo
216.5,0.737,,,,AGo
217.0,0.717,1.881,,,AGo
217.5,0.696,1.812,,,AGo
218.0,0.676,1.748,,,AGo
218.5,0.657,1.689,,,AGo
219.0,0.639,1.636,1.45,,AGo
219.5,0.622,1.588,1.4,1.36,AGo
220.0,0.605,1.543,1.351,1.316,AGo
220.5,0.59,1.5,1.307,1.276,AGo
221.0,0.575,1.458,1.269,1.24,AGo
221.5,0.56,1.417,1.234,1.204,AGo
222.0,0.546,1.377,1.2,1.169,AGo
222.5,0.532,1.341,1.167,1.136,AGo
223.0,0.519,1.307,1.135,1.105,AGo
223.5,0.507,1.276,1.106,1.077,AGo
224.0,0.495,1.246,1.079,1.051,AGo
224.5,0.484,1.217,1.053,1.026,AGo
225.0,0.474,1.189,1.03,1.002,AGo
225.5,0.464,1.163,1.008,0.979,AGo
226.0,0.455,1.14,0.988,0.959,AGo
226.5,0.447,1.119,0.97,0.94,AGo
227.0,0.438,1.099,0.952,0.923,AGo
227.5,0.43,1.081,0.936,0.907,AGo
228.0,0.423,1.063,0.92,0.891,AGo
228.5,0.416,1.046,0.905,0.877,AGo
229.0,0.409,1.03,0.891,0.863,AGo
229.5,0.403,1.014,0.877,0.849,AGo
230.0,0.396,0.999,0.864,0.836,AGo
230.5,0.391,0.984,0.85,0.823,AGo
231.0,0.385,0.969,0.837,0.81,AGo
231.5,0.379,0.955,0.825,0.798,AGo
232.0,0.373,0.941,0.812,0.785,AGo
232.5,0.368,0.928,0.8,0.773,AGo
233.0,0.363,0.914,0.788,0.762,AGo
233.5,0.357,0.902,0.777,0.751,AGo
234.0,0.352,0.889,0.766,0.74,AGo
234.5,0.347,0.877,0.755,0.73,AGo
235.0,0.343,0.865,0.745,0.72,AGo
235.5,0.338,0.854,0.735,0.71,AGo
236.0,0.334,0.843,0.726,0.701,AGo
236.5,0.33,0.832,0.717,0.693,AGo
237.0,0.326,0.822,0.708,0.685,AGo
237.5,0.322,0.813,0.7,0.677,AGo
238.0,0.319,0.804,0.693,0.669,AGo
238.5,0.315,0.796,0.686,0.662,AGo
239.0,0.312,0.789,0.679,0.655,AGo
239.5,0.31,0.782,0.672,0.649,AGo
240.0,0.307,0.775,0.666,0.643,AGo
240.5,0.305,0.769,0.66,0.639,AGo
241.0,0.302,0.763,0.655,0.634,AGo
241.5,0.3,0.757,0.651,0.63,AGo
242.0,0.299,0.752,0.647,0.626,AGo
242.5,0.297,0.748,0.643,0.622,AGo
243.0,0.295,0.744,0.64,0.619,AGo
243.5,0.293,0.741,0.636,0.616,AGo
244.0,0.292,0.738,0.634,0.614,AGo
244.5,0.291,0.735,0.631,0.612,AGo
245.0,0.291,0.733,0.629,0.61,AGo
245.5,0.29,0.731,0.628,0.609,AGo
246.0,0.29,0.729,0.626,0.608,AGo
246.5,0.29,0.728,0.625,0.607,AGo
247.0,0.29,0.728,0.625,0.607,AGo
247.5,0.29,0.728,0.625,0.607,AGo
248.0,0.29,0.728,0.625,0.607,AGo
248.5,0.291,0.728,0.626,0.608,AGo
249.0,0.292,0.728,0.627,0.61,AGo
249.5,0.293,0.73,0.628,0.611,AGo
250.0,0.293,0.731,0.63,0.612,AGo
250.5,0.294,0.733,0.631,0.613,AGo
251.0,0.294,0.734,0.632,0.614,AGo
251.5,0.295,0.736,0.633,0.616,AGo
252.0,0.296,0.737,0.635,0.618,AGo
252.5,0.297,0.738,0.636,0.619,AGo
253.0,0.298,0.739,0.638,0.621,AGo
253.5,0.299,0.741,0.639,0.624,AGo
254.0,0.3,0.744,0.642,0.627,AGo
254.5,0.301,0.747,0.644,0.63,AGo
255.0,0.302,0.75,0.648,0.633,AGo
255.5,0.303,0.754,0.651,0.637,AGo
256.0,0.305,0.757,0.655,0.64,AGo
256.5,0.307,0.762,0.658,0.644,AGo
257.0,0.309,0.766,0.662,0.648,AGo
257.5,0.312,0.77,0.665,0.652,AGo
258.0,0.314,0.774,0.669,0.656,AGo
258.5,0.316,0.778,0.672,0.66,AGo
259.0,0.318,0.782,0.676,0.664,AGo
259.5,0.32,0.786,0.68,0.668,AGo
260.0,0.321,0.79,0.684,0.671,AGo
260.5,0.323,0.795,0.689,0.676,AGo
261.0,0.324,0.8,0.694,0.681,AGo
261.5,0.327,0.806,0.699,0.687,AGo
262.0,0.33,0.813,0.704,0.693,AGo
262.5,0.333,0.819,0.709,0.699,AGo
263.0,0.335,0.826,0.715,0.704,AGo
263.5,0.337,0.833,0.72,0.71,AGo
264.0,0.339,0.84,0.725,0.715,AGo
264.5,0.342,0.845,0.73,0.72,AGo
265.0,0.344,0.85,0.735,0.724,AGo
265.5,0.346,0.855,0.739,0.728,AGo
266.0,0.347,0.858,0.742,0.731,AGo
266.5,0.348,0.861,0.744,0.733,AGo
267.0,0.349,0.864,0.747,0.736,AGo
267.5,0.35,0.867,0.749,0.739,AGo
268.0,0.35,0.871,0.752,0.742,AGo
268.5,0.352,0.875,0.755,0.745,AGo
269.0,0.353,0.88,0.757,0.748,AGo
269.5,0.354,0.885,0.76,0.751,AGo
270.0,0.355,0.889,0.763,0.754,AGo
270.5,0.356,0.892,0.766,0.757,AGo
271.0,0.357,0.894,0.769,0.76,AGo
271.5,0.358,0.896,0.771,0.763,AGo
272.0,0.359,0.897,0.772,0.764,AGo
272.5,0.36,0.898,0.773,0.765,AGo
273.0,0.36,0.898,0.774,0.765,AGo
273.5,0.359,0.897,0.774,0.765,AGo
274.0,0.359,0.897,0.773,0.764,AGo
274.5,0.358,0.896,0.771,0.762,AGo
275.0,0.357,0.894,0.769,0.76,AGo
275.5,0.356,0.892,0.767,0.758,AGo
276.0,0.354,0.891,0.765,0.756,AGo
276.5,0.352,0.888,0.763,0.755,AGo
277.0,0.351,0.885,0.76,0.753,AGo
277.5,0.35,0.881,0.757,0.749,AGo
278.0,0.349,0.877,0.754,0.746,AGo
278.5,0.347,0.873,0.75,0.742,AGo
279.0,0.345,0.868,0.746,0.737,AGo
279.5,0.342,0.863,0.741,0.733,AGo
280.0,0.34,0.858,0.737,0.729,AGo
280.5,0.337,0.852,0.732,0.723,AGo
281.0,0.335,0.846,0.726,0.717,AGo
281.5,0.332,0.839,0.721,0.71,AGo
282.0,0.329,0.832,0.714,0.703,AGo
282.5,0.325,0.824,0.707,0.696,AGo
283.0,0.322,0.816,0.701,0.689,AGo
283.5,0.319,0.807,0.694,0.682,AGo
284.0,0.316,0.798,0.687,0.674,AGo
284.5,0.312,0.789,0.679,0.666,AGo
285.0,0.308,0.779,0.671,0.657,AGo
285.5,0.304,0.77,0.662,0.649,AGo
286.0,0.3,0.76,0.653,0.641,AGo
286.5,0.296,0.751,0.644,0.632,AGo
287.0,0.291,0.741,0.635,0.623,AGo
287.5,0.287,0.73,0.627,0.613,AGo
288.0,0.282,0.719,0.618,0.604,AGo
288.5,0.277,0.709,0.609,0.595,AGo
289.0,0.273,0.699,0.6,0.586,AGo
289.5,0.27,0.689,0.591,0.577,AGo
290.0,0.266,0.68,0.583,0.569,AGo
290.5,0.262,0.671,0.575,0.561,AGo
291.0,0.258,0.662,0.567,0.553,AGo
291.5,0.255,0.653,0.56,0.546,AGo
292.0,0.251,0.645,0.552,0.538,AGo
292.5,0.249,0.637,0.545,0.531,AGo
293.0,0.246,0.63,0.538,0.524,AGo
293.5,0.242,0.623,0.532,0.518,AGo
294.0,0.239,0.616,0.526,0.512,AGo
294.5,0.235,0.61,0.521,0.507,AGo
295.0,0.233,0.605,0.517,0.502,AGo
295.5,0.23,0.599,0.512,0.497,AGo
296.0,0.229,0.593,0.507,0.492,AGo
296.5,0.227,0.589,0.502,0.487,AGo
297.0,0.226,0.584,0.497,0.483,AGo
297.5,0.224,0.58,0.493,0.479,AGo
298.0,0.222,0.576,0.49,0.476,AGo
298.5,0.22,0.573,0.486,0.473,AGo
299.0,0.218,0.57,0.483,0.47,AGo
299.5,0.217,0.567,0.481,0.468,AGo
300.0,0.216,0.564,0.479,0.466,AGo
300.5,0.215,0.561,0.477,0.463,AGo
301.0,0.215,0.558,0.474,0.46,AGo
301.5,0.214,0.555,0.471,0.457,AGo
302.0,0.213,0.553,0.469,0.455,AGo
302.5,0.211,0.552,0.467,0.453,AGo
303.0,0.21,0.55,0.466,0.452,AGo
303.5,0.209,0.548,0.465,0.452,AGo
304.0,0.209,0.546,0.463,0.451,AGo
304.5,0.209,0.543,0.461,0.449,AGo
305.0,0.209,0.541,0.459,0.447,AGo
305.5,0.209,0.54,0.458,0.446,AGo
306.0,0.208,0.539,0.458,0.444,AGo
306.5,0.207,0.539,0.456,0.443,AGo
307.0,0.206,0.538,0.455,0.442,AGo
307.5,0.205,0.537,0.453,0.441,AGo
308.0,0.205,0.536,0.452,0.44,AGo
308.5,0.204,0.535,0.451,0.439,AGo
309.0,0.204,0.534,0.451,0.438,AGo
309.5,0.203,0.534,0.451,0.438,AGo
310.0,0.204,0.534,0.451,0.438,AGo
310.5,0.204,0.533,0.45,0.439,AGo
311.0,0.204,0.533,0.449,0.439,AGo
311.5,0.203,0.534,0.449,0.439,AGo
312.0,0.202,0.534,0.448,0.438,AGo
312.5,0.201,0.534,0.448,0.437,AGo
313.0,0.2,0.534,0.448,0.436,AGo
313.5,0.201,0.535,0.447,0.436,AGo
314.0,0.201,0.535,0.447,0.435,AGo
314.5,0.201,0.535,0.446,0.435,AGo
315.0,0.201,0.535,0.446,0.435,AGo
315.5,0.201,0.534,0.445,0.435,AGo
316.0,0.2,0.534,0.445,0.435,AGo
316.5,0.2,0.533,0.446,0.434,AGo
317.0,0.2,0.534,0.446,0.434,AGo
317.5,0.2,0.534,0.446,0.433,AGo
318.0,0.201,0.534,0.445,0.432,AGo
318.5,0.201,0.533,0.445,0.432,AGo
319.0,0.2,0.532,0.444,0.431,AGo
319.5,0.199,0.529,0.443,0.431,AGo
320.0,0.199,0.528,0.442,0.432,AGo
320.5,0.198,0.527,0.44,0.432,AGo
321.0,0.198,0.526,0.439,0.431,AGo
321.5,0.198,0.526,0.438,0.43,AGo
322.0,0.199,0.526,0.438,0.429,AGo
322.5,0.199,0.524,0.437,0.428,AGo
323.0,0.198,0.522,0.436,0.426,AGo
323.5,0.197,0.52,0.434,0.424,AGo
324.0,0.195,0.517,0.432,0.422,AGo
324.5,0.193,0.515,0.43,0.42,AGo
325.0,0.192,0.513,0.428,0.418,AGo
325.5,0.191,0.511,0.426,0.415,AGo
326.0,0.191,0.509,0.425,0.413,AGo
326.5,0.191,0.507,0.423,0.411,AGo
327.0,0.19,0.504,0.421,0.41,AGo
327.5,0.189,0.501,0.42,0.409,AGo
328.0,0.188,0.498,0.418,0.407,AGo
328.5,0.187,0.494,0.416,0.404,AGo
329.0,0.187,0.49,0.413,0.401,AGo
329.5,0.187,0.485,0.41,0.399,AGo
330.0,0.185,0.481,0.406,0.396,AGo
330.5,0.183,0.477,0.402,0.393,AGo
331.0,0.181,0.473,0.399,0.389,AGo
331.5,0.18,0.469,0.396,0.383,AGo
332.0,0.18,0.465,0.393,0.379,AGo
332.5,0.179,0.461,0.389,0.375,AGo
333.0,0.178,0.456,0.386,0.372,AGo
333.5,0.175,0.451,0.383,0.369,AGo
334.0,0.172,0.445,0.379,0.366,AGo
334.5,0.169,0.441,0.374,0.362,AGo
335.0,0.166,0.435,0.369,0.359,AGo
335.5,0.165,0.43,0.364,0.355,AGo
336.0,0.165,0.423,0.36,0.351,AGo
336.5,0.165,0.417,0.355,0.346,AGo
337.0,0.164,0.412,0.351,0.341,AGo
337.5,0.162,0.407,0.347,0.336,AGo
338.0,0.159,0.402,0.343,0.332,AGo
338.5,0.156,0.397,0.338,0.328,AGo
339.0,0.153,0.392,0.333,0.324,AGo
339.5,0.154,0.388,0.326,0.321,AGo
340.0,0.156,0.384,0.319,0.317,AGo
340.5,0.16,0.377,0.313,0.313,AGo
341.0,0.16,0.367,0.308,0.307,AGo
341.5,0.157,0.354,0.304,0.301,AGo
342.0,0.151,0.343,0.3,0.295,AGo
342.5,0.144,0.337,0.298,0.289,AGo
343.0,0.136,0.334,0.298,0.286,AGo
343.5,0.128,0.334,0.296,0.283,AGo
344.0,0.123,0.333,0.293,0.279,AGo
344.5,0.121,0.329,0.288,0.272,AGo
345.0,0.119,0.321,0.282,0.261,AGo
345.5,0.117,0.312,0.277,0.25,AGo
346.0,0.113,0.305,0.272,0.246,AGo
346.5,0.112,0.302,0.265,0.249,AGo
347.0,0.112,0.299,0.258,0.255,AGo
347.5,0.112,0.294,0.25,0.256,AGo
348.0,0.111,0.289,0.243,0.251,AGo
348.5,0.112,0.284,0.239,0.241,AGo
349.0,0.115,0.28,0.238,0.23,AGo
349.5,0.116,0.274,0.239,0.221,AGo
350.0,0.115,0.265,0.237,0.216,AGo
350.5,0.109,0.256,0.232,0.217,AGo
351.0,0.102,0.249,0.225,0.218,AGo
351.5,0.095,0.246,0.219,0.217,AGo
352.0,0.09,0.243,0.216,0.211,AGo
352.5,0.089,0.239,0.215,0.203,AGo
353.0,0.089,0.235,0.215,0.195,AGo
353.5,0.091,0.23,0.211,0.19,AGo
354.0,0.094,0.227,0.206,0.187,AGo
354.5,0.099,0.222,0.201,0.186,AGo
355.0,0.105,0.215,0.197,0.186,AGo
355.5,0.108,0.208,0.192,0.185,AGo
356.0,0.106,0.203,0.183,0.182,AGo
356.5,0.102,0.199,0.174,0.179,AGo
357.0,0.097,0.197,0.168,0.174,AGo
357.5,0.093,0.196,0.168,0.169,AGo
358.0,0.088,0.194,0.172,0.163,AGo
358.5,0.082,0.191,0.175,0.159,AGo
359.0,0.078,0.185,0.176,0.159,AGo
359.5,0.075,0.179,0.174,0.161,AGo
360.0,0.074,0.171,0.171,0.161,AGo
360.5,0.073,0.164,0.167,0.157,AGo
361.0,0.073,0.16,0.163,0.151,AGo
361.5,0.075,0.161,0.159,0.148,AGo
362.0,0.077,0.165,0.155,0.147,AGo
362.5,0.078,0.167,0.154,0.147,AGo
363.0,0.075,0.166,0.154,0.146,AGo
363.5,0.071,0.16,0.151,0.144,AGo
364.0,0.069,0.154,0.145,0.141,AGo
364.5,0.072,0.149,0.14,0.137,AGo
365.0,0.076,0.147,0.138,0.133,AGo
365.5,0.078,0.147,0.14,0.131,AGo
366.0,0.074,0.145,0.141,0.129,AGo
366.5,0.069,0.142,0.14,0.126,AGo
367.0,0.068,0.137,0.139,0.123,AGo
367.5,0.07,0.133,0.139,0.123,AGo
368.0,0.074,0.128,0.14,0.125,AGo
368.5,0.074,0.122,0.139,0.128,AGo
369.0,0.068,0.115,0.138,0.126,AGo
369.5,0.061,0.11,0.139,0.118,AGo
370.0,0.057,0.109,0.14,0.107,AGo
370.5,0.059,0.111,0.135,0.097,AGo
371.0,0.066,0.113,0.123,0.094,AGo
371.5,0.076,0.113,0.108,0.1,AGo
372.0,0.084,0.108,0.096,0.11,AGo
372.5,0.087,0.097,0.09,0.116,AGo
373.0,0.083,0.083,0.089,0.111,AGo
373.5,0.077,0.074,0.09,0.101,AGo
374.0,0.075,0.077,0.091,0.098,AGo
374.5,0.077,0.089,0.095,0.105,AGo
375.0,0.075,0.101,0.11,0.111,AGo
375.5,0.064,0.106,0.133,0.109,AGo
376.0,0.05,0.104,0.152,0.103,AGo
376.5,0.042,0.102,0.157,0.1,AGo
377.0,0.043,0.103,0.146,0.101,AGo
377.5,0.051,0.105,0.129,0.097,AGo
378.0,0.057,0.104,0.116,0.088,AGo
378.5,0.058,0.099,0.111,0.08,AGo
379.0,0.054,0.094,0.11,0.075,AGo
379.5,0.048,0.09,0.106,0.075,AGo
380.0,0.042,0.087,0.101,0.078,AGo
380.5,0.037,0.083,0.1,0.086,AGo
381.0,0.036,0.082,0.103,0.096,AGo
381.5,0.04,0.082,0.105,0.105,AGo
382.0,0.046,0.083,0.1,0.109,AGo
382.5,0.051,0.082,0.094,0.106,AGo
383.0,0.053,0.082,0.092,0.098,AGo
383.5,0.05,0.083,0.097,0.088,AGo
384.0,0.048,0.081,0.102,0.079,AGo
384.5,0.049,0.074,0.1,0.075,AGo
385.0,0.051,0.066,0.093,0.073,AGo
385.5,0.055,0.064,0.088,0.075,AGo
386.0,0.06,0.069,0.09,0.082,AGo
386.5,0.061,0.075,0.098,0.089,AGo
387.0,0.056,0.079,0.103,0.089,AGo
387.5,0.044,0.079,0.099,0.082,AGo
388.0,0.03,0.077,0.09,0.076,AGo
388.5,0.02,0.079,0.082,0.075,AGo
389.0,0.019,0.083,0.079,0.08,AGo
389.5,0.024,0.085,0.079,0.084,AGo
390.0,0.031,0.08,0.079,0.082,AGo
390.5,0.037,0.072,0.082,0.077,AGo
391.0,0.04,0.067,0.088,0.073,AGo
391.5,0.038,0.068,0.095,0.072,AGo
392.0,0.033,0.07,0.097,0.073,AGo
392.5,0.03,0.072,0.093,0.074,AGo
393.0,0.031,0.07,0.084,0.07,AGo
393.5,0.037,0.067,0.077,0.063,AGo
394.0,0.043,0.065,0.075,0.056,AGo
394.5,0.046,0.066,0.078,0.054,AGo
395.0,0.045,0.067,0.083,0.058,AGo
395.5,0.041,0.066,0.085,0.066,AGo
396.0,0.039,0.06,0.082,0.074,AGo
396.5,0.04,0.056,0.079,0.076,AGo
397.0,0.041,0.059,0.081,0.071,AGo
397.5,0.04,0.067,0.084,0.06,AGo
398.0,0.038,0.075,0.084,0.053,AGo
398.5,0.039,0.076,0.078,0.052,AGo
399.0,0.043,0.071,0.069,0.054,AGo
399.5,0.046,0.065,0.066,0.056,AGo
400.0,0.048,0.062,0.068,0.054,AGo
400.5,0.05,0.062,0.073,0.051,AGo
401.0,0.049,0.063,0.076,0.05,AGo
401.5,0.044,0.063,0.075,0.051,AGo
402.0,0.039,0.063,0.069,0.054,AGo
402.5,0.038,0.061,0.061,0.058,AGo
403.0,0.043,0.059,0.054,0.062,AGo
403.5,0.051,0.058,0.051,0.065,AGo
404.0,0.056,0.057,0.051,0.067,AGo
404.5,0.057,0.058,0.052,0.067,AGo
405.0,0.056,0.06,0.052,0.066,AGo
405.5,0.055,0.063,0.053,0.062,AGo
406.0,0.051,0.064,0.057,0.058,AGo
406.5,,,,,AGo
407.0,,,,,AGo
407.5,,,,,AGo
408.0,,,,,AGo
408.5,,,,,AGo
409.0,,,,,AGo
409.5,,,,,AGo
410.0,,,,,AGo
200.0,,,,,AIlly
200.5,,,,,AIlly
201.0,,,,,AIlly
201.5,,,,,AIlly
202.0,,,,,AIlly
202.5,,,,,AIlly
203.0,,,,,AIlly
203.5,,,,,AIlly
204.0,,,,,AIlly
204.5,,,,,AIlly
205.0,,,,,AIlly
205.5,,,,,AIlly
206.0,,,,,AIlly
206.5,,,,,AIlly
207.0,,,,,AIlly
207.5,,,,,AIlly
208.0,,,,,AIlly
208.5,,,,,AIlly
209.0,,,,,AIlly
209.5,,,,,AIlly
210.0,,,,,AIlly
210.5,,,,,AIlly
211.0,,,,,AIlly
211.5,,,,,AIlly
212.0,,,,,AIlly
212.5,,,,,AIlly
213.0,,,,,AIlly
213.5,,,,,AIlly
214.0,,,,,AIlly
214.5,,,,,AIlly
215.0,,,,,AIlly
215.5,,,,,AIlly
216.0,,,,,AIlly
216.5,,,,,AIlly
217.0,,1.913,,,AIlly
217.5,,1.852,,,AIlly
218.0,,1.797,,,AIlly
218.5,,1.748,,,AIlly
219.0,,1.704,,,AIlly
219.5,,1.661,,,AIlly
220.0,,1.619,,,AIlly
220.5,,1.578,,,AIlly
221.0,,1.539,,,AIlly
221.5,,1.502,,,AIlly
222.0,,1.468,,,AIlly
222.5,,1.435,,,AIlly
223.0,,1.405,,,AIlly
223.5,,1.377,,,AIlly
224.0,,1.35,,,AIlly
224.5,,1.323,,,AIlly
225.0,,1.297,,,AIlly
225.5,,1.272,,,AIlly
226.0,,1.25,,,AIlly
226.5,,1.23,,,AIlly
227.0,,1.21,,,AIlly
227.5,,1.192,,,AIlly
228.0,,1.175,,,AIlly
228.5,,1.158,,,AIlly
229.0,,1.142,,,AIlly
229.5,,1.127,,,AIlly
230.0,,1.113,,,AIlly
230.5,,1.098,,,AIlly
231.0,,1.084,,,AIlly
231.5,,1.07,,,AIlly
232.0,,1.055,,,AIlly
232.5,,1.041,,,AIlly
233.0,,1.027,,,AIlly
233.5,,1.014,,,AIlly
234.0,,1.001,,,AIlly
234.5,,0.989,,,AIlly
235.0,,0.977,,,AIlly
235.5,,0.965,,,AIlly
236.0,,0.954,,,AIlly
236.5,,0.943,,,AIlly
237.0,,0.933,,,AIlly
237.5,,0.923,,,AIlly
238.0,,0.914,,,AIlly
238.5,,0.905,,,AIlly
239.0,,0.898,,,AIlly
239.5,,0.89,,,AIlly
240.0,,0.884,,,AIlly
240.5,,0.877,,,AIlly
241.0,,0.871,,,AIlly
241.5,,0.865,,,AIlly
242.0,,0.859,,,AIlly
242.5,,0.855,,,AIlly
243.0,,0.851,,,AIlly
243.5,,0.847,,,AIlly
244.0,,0.843,,,AIlly
244.5,,0.84,,,AIlly
245.0,,0.837,,,AIlly
245.5,,0.834,,,AIlly
246.0,,0.832,,,AIlly
246.5,,0.83,,,AIlly
247.0,,0.828,,,AIlly
247.5,,0.827,,,AIlly
248.0,,0.826,,,AIlly
248.5,,0.826,,,AIlly
249.0,,0.825,,,AIlly
249.5,,0.825,,,AIlly
250.0,,0.825,,,AIlly
250.5,,0.825,,,AIlly
251.0,,0.825,,,AIlly
251.5,,0.825,,,AIlly
252.0,,0.825,,,AIlly
252.5,,0.826,,,AIlly
253.0,,0.826,,,AIlly
253.5,,0.827,,,AIlly
254.0,,0.829,,,AIlly
254.5,,0.831,,,AIlly
255.0,,0.834,,,AIlly
255.5,,0.837,,,AIlly
256.0,,0.84,,,AIlly
256.5,,0.843,,,AIlly
257.0,,0.846,,,AIlly
257.5,,0.85,,,AIlly
258.0,,0.853,,,AIlly
258.5,,0.857,,,AIlly
259.0,,0.86,,,AIlly
259.5,,0.863,,,AIlly
260.0,,0.866,,,AIlly
260.5,,0.87,,,AIlly
261.0,,0.875,,,AIlly
261.5,,0.881,,,AIlly
262.0,,0.887,,,AIlly
262.5,,0.893,,,AIlly
263.0,,0.898,,,AIlly
263.5,,0.903,,,AIlly
264.0,,0.908,,,AIlly
264.5,,0.913,,,AIlly
265.0,,0.917,,,AIlly
265.5,,0.921,,,AIlly
266.0,,0.924,,,AIlly
266.5,,0.926,,,AIlly
267.0,,0.929,,,AIlly
267.5,,0.932,,,AIlly
268.0,,0.935,,,AIlly
268.5,,0.938,,,AIlly
269.0,,0.941,,,AIlly
269.5,,0.944,,,AIlly
270.0,,0.947,,,AIlly
270.5,,0.95,,,AIlly
271.0,,0.951,,,AIlly
271.5,,0.952,,,AIlly
272.0,,0.953,,,AIlly
272.5,,0.953,,,AIlly
273.0,,0.952,,,AIlly
273.5,,0.951,,,AIlly
274.0,,0.949,,,AIlly
274.5,,0.947,,,AIlly
275.0,,0.944,,,AIlly
275.5,,0.941,,,AIlly
276.0,,0.938,,,AIlly
276.5,,0.936,,,AIlly
277.0,,0.933,,,AIlly
277.5,,0.93,,,AIlly
278.0,,0.926,,,AIlly
278.5,,0.922,,,AIlly
279.0,,0.918,,,AIlly
279.5,,0.915,,,AIlly
280.0,,0.91,,,AIlly
280.5,,0.906,,,AIlly
281.0,,0.9,,,AIlly
281.5,,0.895,,,AIlly
282.0,,0.889,,,AIlly
282.5,,0.883,,,AIlly
283.0,,0.877,,,AIlly
283.5,,0.87,,,AIlly
284.0,,0.862,,,AIlly
284.5,,0.855,,,AIlly
285.0,,0.848,,,AIlly
285.5,,0.842,,,AIlly
286.0,,0.835,,,AIlly
286.5,,0.828,,,AIlly
287.0,,0.82,,,AIlly
287.5,,0.813,,,AIlly
288.0,,0.805,,,AIlly
288.5,,0.797,,,AIlly
289.0,,0.79,,,AIlly
289.5,,0.783,,,AIlly
290.0,,0.776,,,AIlly
290.5,,0.769,,,AIlly
291.0,,0.762,,,AIlly
291.5,,0.756,,,AIlly
292.0,,0.75,,,AIlly
292.5,,0.746,,,AIlly
293.0,,0.741,,,AIlly
293.5,,0.736,,,AIlly
294.0,,0.731,,,AIlly
294.5,,0.727,,,AIlly
295.0,,0.722,,,AIlly
295.5,,0.718,,,AIlly
296.0,,0.714,,,AIlly
296.5,,0.71,,,AIlly
297.0,,0.707,,,AIlly
297.5,,0.704,,,AIlly
298.0,,0.702,,,AIlly
298.5,,0.699,,,AIlly
299.0,,0.696,,,AIlly
299.5,,0.693,,,AIlly
300.0,,0.691,,,AIlly
300.5,,0.689,,,AIlly
301.0,,0.687,,,AIlly
301.5,,0.686,,,AIlly
302.0,,0.684,,,AIlly
302.5,,0.682,,,AIlly
303.0,,0.681,,,AIlly
303.5,,0.681,,,AIlly
304.0,,0.68,,,AIlly
304.5,,0.679,,,AIlly
305.0,,0.677,,,AIlly
305.5,,0.676,,,AIlly
306.0,,0.675,,,AIlly
306.5,,0.674,,,AIlly
307.0,,0.673,,,AIlly
307.5,,0.672,,,AIlly
308.0,,0.671,,,AIlly
308.5,,0.671,,,AIlly
309.0,,0.671,,,AIlly
309.5,,0.67,,,AIlly
310.0,,0.67,,,AIlly
310.5,,0.67,,,AIlly
311.0,,0.669,,,AIlly
311.5,,0.669,,,AIlly
312.0,,0.669,,,AIlly
312.5,,0.669,,,AIlly
313.0,,0.669,,,AIlly
313.5,,0.669,,,AIlly
314.0,,0.67,,,AIlly
314.5,,0.67,,,AIlly
315.0,,0.671,,,AIlly
315.5,,0.671,,,AIlly
316.0,,0.672,,,AIlly
316.5,,0.671,,,AIlly
317.0,,0.672,,,AIlly
317.5,,0.672,,,AIlly
318.0,,0.672,,,AIlly
318.5,,0.672,,,AIlly
319.0,,0.671,,,AIlly
319.5,,0.671,,,AIlly
320.0,,0.67,,,AIlly
320.5,,0.67,,,AIlly
321.0,,0.67,,,AIlly
321.5,,0.671,,,AIlly
322.0,,0.671,,,AIlly
322.5,,0.671,,,AIlly
323.0,,0.67,,,AIlly
323.5,,0.668,,,AIlly
324.0,,0.667,,,AIlly
324.5,,0.665,,,AIlly
325.0,,0.664,,,AIlly
325.5,,0.664,,,AIlly
326.0,,0.663,,,AIlly
326.5,,0.662,,,AIlly
327.0,,0.661,,,AIlly
327.5,,0.659,,,AIlly
328.0,,0.656,,,AIlly
328.5,,0.654,,,AIlly
329.0,,0.652,,,AIlly
329.5,,0.65,,,AIlly
330.0,,0.648,,,AIlly
330.5,,0.645,,,AIlly
331.0,,0.641,,,AIlly
331.5,,0.638,,,AIlly
332.0,,0.635,,,AIlly
332.5,,0.632,,,AIlly
333.0,,0.628,,,AIlly
333.5,,0.625,,,AIlly
334.0,,0.622,,,AIlly
334.5,,0.618,,,AIlly
335.0,,0.614,,,AIlly
335.5,,0.61,,,AIlly
336.0,,0.607,,,AIlly
336.5,,0.604,,,AIlly
337.0,,0.601,,,AIlly
337.5,,0.596,,,AIlly
338.0,,0.591,,,AIlly
338.5,,0.586,,,AIlly
339.0,,0.58,,,AIlly
339.5,,0.574,,,AIlly
340.0,,0.568,,,AIlly
340.5,,0.563,,,AIlly
341.0,,0.558,,,AIlly
341.5,,0.555,,,AIlly
342.0,,0.553,,,AIlly
342.5,,0.551,,,AIlly
343.0,,0.548,,,AIlly
343.5,,0.542,,,AIlly
344.0,,0.536,,,AIlly
344.5,,0.531,,,AIlly
345.0,,0.526,,,AIlly
345.5,,0.521,,,AIlly
346.0,,0.514,,,AIlly
346.5,,0.507,,,AIlly
347.0,,0.5,,,AIlly
347.5,,0.494,,,AIlly
348.0,,0.491,,,AIlly
348.5,,0.49,,,AIlly
349.0,,0.488,,,AIlly
349.5,,0.484,,,AIlly
350.0,,0.478,,,AIlly
350.5,,0.469,,,AIlly
351.0,,0.463,,,AIlly
351.5,,0.46,,,AIlly
352.0,,0.461,,,AIlly
352.5,,0.46,,,AIlly
353.0,,0.457,,,AIlly
353.5,,0.451,,,AIlly
354.0,,0.445,,,AIlly
354.5,,0.441,,,AIlly
355.0,,0.441,,,AIlly
355.5,,0.443,,,AIlly
356.0,,0.443,,,AIlly
356.5,,0.439,,,AIlly
357.0,,0.434,,,AIlly
357.5,,0.428,,,AIlly
358.0,,0.423,,,AIlly
358.5,,0.418,,,AIlly
359.0,,0.415,,,AIlly
359.5,,0.415,,,AIlly
360.0,,0.417,,,AIlly
360.5,,0.416,,,AIlly
361.0,,0.411,,,AIlly
361.5,,0.404,,,AIlly
362.0,,0.397,,,AIlly
362.5,,0.393,,,AIlly
363.0,,0.391,,,AIlly
363.5,,0.391,,,AIlly
364.0,,0.391,,,AIlly
364.5,,0.39,,,AIlly
365.0,,0.388,,,AIlly
365.5,,0.383,,,AIlly
366.0,,0.375,,,AIlly
366.5,,0.367,,,AIlly
367.0,,0.361,,,AIlly
367.5,,0.361,,,AIlly
368.0,,0.364,,,AIlly
368.5,,0.367,,,AIlly
369.0,,0.368,,,AIlly
369.5,,0.368,,,AIlly
370.0,,0.368,,,AIlly
370.5,,0.367,,,AIlly
371.0,,0.36,,,AIlly
371.5,,0.348,,,AIlly
372.0,,0.336,,,AIlly
372.5,,0.333,,,AIlly
373.0,,0.339,,,AIlly
373.5,,0.349,,,AIlly
374.0,,0.356,,,AIlly
374.5,,0.359,,,AIlly
375.0,,0.359,,,AIlly
375.5,,0.358,,,AIlly
376.0,,0.353,,,AIlly
376.5,,0.344,,,AIlly
377.0,,0.336,,,AIlly
377.5,,0.328,,,AIlly
378.0,,0.321,,,AIlly
378.5,,0.314,,,AIlly
379.0,,0.307,,,AIlly
379.5,,0.301,,,AIlly
380.0,,0.301,,,AIlly
380.5,,0.304,,,AIlly
381.0,,0.31,,,AIlly
381.5,,0.314,,,AIlly
382.0,,0.314,,,AIlly
382.5,,0.313,,,AIlly
383.0,,0.312,,,AIlly
383.5,,0.31,,,AIlly
384.0,,0.305,,,AIlly
384.5,,0.295,,,AIlly
385.0,,0.287,,,AIlly
385.5,,0.283,,,AIlly
386.0,,0.285,,,AIlly
386.5,,0.288,,,AIlly
387.0,,0.288,,,AIlly
387.5,,0.282,,,AIlly
388.0,,0.274,,,AIlly
388.5,,0.266,,,AIlly
389.0,,0.259,,,AIlly
389.5,,0.253,,,AIlly
390.0,,0.249,,,AIlly
390.5,,0.249,,,AIlly
391.0,,0.254,,,AIlly
391.5,,0.26,,,AIlly
392.0,,0.262,,,AIlly
392.5,,0.257,,,AIlly
393.0,,0.248,,,AIlly
393.5,,0.24,,,AIlly
394.0,,0.238,,,AIlly
394.5,,0.238,,,AIlly
395.0,,0.239,,,AIlly
395.5,,0.237,,,AIlly
396.0,,0.234,,,AIlly
396.5,,0.231,,,AIlly
397.0,,0.229,,,AIlly
397.5,,0.226,,,AIlly
398.0,,0.221,,,AIlly
398.5,,0.217,,,AIlly
399.0,,0.215,,,AIlly
399.5,,0.211,,,AIlly
400.0,,0.205,,,AIlly
400.5,,0.198,,,AIlly
401.0,,0.193,,,AIlly
401.5,,0.191,,,AIlly
402.0,,0.192,,,AIlly
402.5,,0.194,,,AIlly
403.0,,0.196,,,AIlly
403.5,,0.194,,,AIlly
404.0,,0.189,,,AIlly
404.5,,0.18,,,AIlly
405.0,,0.172,,,AIlly
405.5,,0.168,,,AIlly
406.0,,0.169,,,AIlly
406.5,,,,,AIlly
407.0,,,,,AIlly
407.5,,,,,AIlly
408.0,,,,,AIlly
408.5,,,,,AIlly
409.0,,,,,AIlly
409.5,,,,,AIlly
410.0,,,,,AIlly
200.0,,,,,AMi
200.5,,,,,AMi
201.0,,,,,AMi
201.5,,,,,AMi
202.0,,,,,AMi
202.5,,,,,AMi
203.0,,,,,AMi
203.5,,,,,AMi
204.0,0.882,,,,AMi
204.5,0.869,,,,AMi
205.0,0.853,,,,AMi
205.5,0.841,,,,AMi
206.0,0.833,,,,AMi
206.5,0.823,,,,AMi
207.0,0.804,,,,AMi
207.5,0.779,,,,AMi
208.0,0.753,,,,AMi
208.5,0.732,,,,AMi
209.0,0.716,,,,AMi
209.5,0.701,,,,AMi
210.0,0.686,,,,AMi
210.5,0.67,,1.539,,AMi
211.0,0.656,,1.452,,AMi
211.5,0.643,,1.38,,AMi
212.0,0.631,,1.344,,AMi
212.5,0.618,,1.316,,AMi
213.0,0.604,,1.255,,AMi
213.5,0.591,,1.196,,AMi
214.0,0.579,,1.166,,AMi
214.5,0.567,1.519,1.139,,AMi
215.0,0.555,1.461,1.104,,AMi
215.5,0.544,1.408,1.072,,AMi
216.0,0.532,1.363,1.046,1.383,AMi
216.5,0.521,1.323,1.02,1.339,AMi
217.0,0.511,1.287,0.993,1.3,AMi
217.5,0.5,1.253,0.97,1.265,AMi
218.0,0.489,1.22,0.949,1.232,AMi
218.5,0.478,1.188,0.927,1.201,AMi
219.0,0.467,1.158,0.904,1.169,AMi
219.5,0.456,1.131,0.883,1.138,AMi
220.0,0.446,1.105,0.861,1.108,AMi
220.5,0.437,1.08,0.84,1.078,AMi
221.0,0.427,1.057,0.821,1.05,AMi
221.5,0.418,1.034,0.803,1.023,AMi
222.0,0.408,1.013,0.782,0.999,AMi
222.5,0.399,0.993,0.763,0.975,AMi
223.0,0.39,0.973,0.745,0.952,AMi
223.5,0.382,0.955,0.729,0.93,AMi
224.0,0.374,0.938,0.713,0.909,AMi
224.5,0.366,0.921,0.698,0.889,AMi
225.0,0.359,0.905,0.683,0.871,AMi
225.5,0.352,0.89,0.67,0.854,AMi
226.0,0.345,0.876,0.658,0.838,AMi
226.5,0.34,0.863,0.648,0.825,AMi
227.0,0.335,0.85,0.637,0.813,AMi
227.5,0.33,0.839,0.629,0.802,AMi
228.0,0.326,0.828,0.621,0.791,AMi
228.5,0.321,0.817,0.614,0.781,AMi
229.0,0.318,0.808,0.606,0.772,AMi
229.5,0.314,0.798,0.6,0.763,AMi
230.0,0.311,0.788,0.593,0.755,AMi
230.5,0.307,0.779,0.586,0.747,AMi
231.0,0.304,0.769,0.579,0.739,AMi
231.5,0.301,0.76,0.574,0.731,AMi
232.0,0.298,0.751,0.568,0.723,AMi
232.5,0.295,0.741,0.562,0.716,AMi
233.0,0.292,0.732,0.556,0.708,AMi
233.5,0.289,0.723,0.55,0.7,AMi
234.0,0.285,0.715,0.545,0.693,AMi
234.5,0.282,0.706,0.539,0.686,AMi
235.0,0.279,0.697,0.533,0.678,AMi
235.5,0.276,0.689,0.528,0.671,AMi
236.0,0.273,0.681,0.522,0.664,AMi
236.5,0.271,0.674,0.516,0.657,AMi
237.0,0.268,0.666,0.511,0.65,AMi
237.5,0.265,0.659,0.507,0.644,AMi
238.0,0.263,0.653,0.502,0.638,AMi
238.5,0.26,0.646,0.499,0.633,AMi
239.0,0.258,0.64,0.495,0.628,AMi
239.5,0.256,0.635,0.491,0.623,AMi
240.0,0.255,0.63,0.487,0.619,AMi
240.5,0.253,0.626,0.484,0.615,AMi
241.0,0.251,0.621,0.481,0.611,AMi
241.5,0.25,0.617,0.478,0.607,AMi
242.0,0.248,0.613,0.475,0.603,AMi
242.5,0.247,0.61,0.472,0.6,AMi
243.0,0.246,0.607,0.469,0.596,AMi
243.5,0.245,0.605,0.467,0.593,AMi
244.0,0.244,0.602,0.465,0.59,AMi
244.5,0.243,0.6,0.462,0.587,AMi
245.0,0.241,0.599,0.46,0.584,AMi
245.5,0.24,0.598,0.458,0.581,AMi
246.0,0.239,0.598,0.457,0.579,AMi
246.5,0.238,0.597,0.455,0.577,AMi
247.0,0.237,0.597,0.452,0.575,AMi
247.5,0.237,0.597,0.45,0.572,AMi
248.0,0.236,0.597,0.449,0.57,AMi
248.5,0.235,0.598,0.448,0.568,AMi
249.0,0.234,0.599,0.447,0.566,AMi
249.5,0.233,0.6,0.446,0.564,AMi
250.0,0.232,0.601,0.445,0.562,AMi
250.5,0.231,0.603,0.443,0.56,AMi
251.0,0.231,0.604,0.441,0.558,AMi
251.5,0.231,0.605,0.44,0.557,AMi
252.0,0.23,0.607,0.439,0.556,AMi
252.5,0.23,0.609,0.438,0.554,AMi
253.0,0.229,0.611,0.438,0.553,AMi
253.5,0.229,0.614,0.437,0.552,AMi
254.0,0.229,0.616,0.436,0.552,AMi
254.5,0.23,0.619,0.435,0.551,AMi
255.0,0.23,0.622,0.435,0.551,AMi
255.5,0.23,0.626,0.436,0.552,AMi
256.0,0.23,0.629,0.438,0.553,AMi
256.5,0.23,0.633,0.439,0.555,AMi
257.0,0.231,0.636,0.439,0.556,AMi
257.5,0.231,0.64,0.439,0.558,AMi
258.0,0.232,0.644,0.442,0.559,AMi
258.5,0.233,0.648,0.445,0.562,AMi
259.0,0.234,0.652,0.446,0.565,AMi
259.5,0.235,0.656,0.447,0.568,AMi
260.0,0.236,0.66,0.451,0.571,AMi
260.5,0.238,0.665,0.454,0.575,AMi
261.0,0.239,0.669,0.457,0.579,AMi
261.5,0.241,0.673,0.462,0.584,AMi
262.0,0.244,0.678,0.466,0.589,AMi
262.5,0.246,0.682,0.47,0.594,AMi
263.0,0.249,0.687,0.474,0.6,AMi
263.5,0.251,0.691,0.478,0.605,AMi
264.0,0.253,0.694,0.483,0.609,AMi
264.5,0.255,0.697,0.487,0.614,AMi
265.0,0.256,0.698,0.49,0.618,AMi
265.5,0.258,0.7,0.494,0.623,AMi
266.0,0.26,0.701,0.497,0.627,AMi
266.5,0.262,0.703,0.501,0.631,AMi
267.0,0.264,0.704,0.504,0.635,AMi
267.5,0.266,0.706,0.507,0.64,AMi
268.0,0.267,0.707,0.511,0.645,AMi
268.5,0.269,0.707,0.515,0.651,AMi
269.0,0.271,0.709,0.518,0.657,AMi
269.5,0.273,0.71,0.521,0.663,AMi
270.0,0.275,0.712,0.525,0.668,AMi
270.5,0.278,0.713,0.531,0.672,AMi
271.0,0.28,0.713,0.535,0.676,AMi
271.5,0.281,0.712,0.538,0.68,AMi
272.0,0.282,0.71,0.541,0.683,AMi
272.5,0.283,0.706,0.542,0.685,AMi
273.0,0.283,0.702,0.543,0.687,AMi
273.5,0.283,0.698,0.544,0.688,AMi
274.0,0.283,0.694,0.545,0.689,AMi
274.5,0.284,0.689,0.545,0.69,AMi
275.0,0.285,0.685,0.546,0.691,AMi
275.5,0.285,0.68,0.546,0.691,AMi
276.0,0.285,0.675,0.548,0.692,AMi
276.5,0.285,0.67,0.55,0.693,AMi
277.0,0.286,0.665,0.549,0.694,AMi
277.5,0.287,0.66,0.549,0.694,AMi
278.0,0.287,0.656,0.549,0.693,AMi
278.5,0.287,0.651,0.55,0.693,AMi
279.0,0.287,0.647,0.55,0.693,AMi
279.5,0.286,0.642,0.55,0.693,AMi
280.0,0.286,0.637,0.549,0.693,AMi
280.5,0.286,0.633,0.549,0.692,AMi
281.0,0.285,0.628,0.548,0.691,AMi
281.5,0.284,0.624,0.546,0.689,AMi
282.0,0.284,0.619,0.546,0.688,AMi
282.5,0.284,0.613,0.545,0.687,AMi
283.0,0.283,0.608,0.543,0.685,AMi
283.5,0.283,0.602,0.54,0.683,AMi
284.0,0.282,0.596,0.538,0.68,AMi
284.5,0.28,0.589,0.536,0.677,AMi
285.0,0.279,0.584,0.534,0.674,AMi
285.5,0.277,0.578,0.531,0.671,AMi
286.0,0.275,0.574,0.528,0.667,AMi
286.5,0.274,0.569,0.525,0.664,AMi
287.0,0.273,0.563,0.524,0.66,AMi
287.5,0.272,0.558,0.52,0.657,AMi
288.0,0.271,0.552,0.516,0.653,AMi
288.5,0.269,0.547,0.514,0.649,AMi
289.0,0.268,0.542,0.512,0.645,AMi
289.5,0.266,0.537,0.508,0.641,AMi
290.0,0.265,0.533,0.504,0.636,AMi
290.5,0.263,0.528,0.501,0.633,AMi
291.0,0.261,0.525,0.5,0.629,AMi
291.5,0.259,0.521,0.498,0.625,AMi
292.0,0.257,0.518,0.494,0.621,AMi
292.5,0.254,0.514,0.491,0.617,AMi
293.0,0.253,0.511,0.489,0.614,AMi
293.5,0.252,0.507,0.485,0.612,AMi
294.0,0.251,0.504,0.482,0.61,AMi
294.5,0.25,0.502,0.482,0.608,AMi
295.0,0.249,0.5,0.48,0.605,AMi
295.5,0.249,0.499,0.479,0.603,AMi
296.0,0.248,0.497,0.476,0.6,AMi
296.5,0.246,0.495,0.472,0.597,AMi
297.0,0.245,0.494,0.468,0.595,AMi
297.5,0.244,0.493,0.468,0.593,AMi
298.0,0.244,0.492,0.468,0.591,AMi
298.5,0.243,0.492,0.466,0.589,AMi
299.0,0.242,0.491,0.465,0.587,AMi
299.5,0.241,0.491,0.467,0.585,AMi
300.0,0.241,0.49,0.466,0.584,AMi
300.5,0.24,0.489,0.461,0.582,AMi
301.0,0.24,0.488,0.459,0.581,AMi
301.5,0.239,0.488,0.459,0.58,AMi
302.0,0.239,0.488,0.457,0.579,AMi
302.5,0.239,0.487,0.457,0.577,AMi
303.0,0.238,0.487,0.457,0.575,AMi
303.5,0.238,0.487,0.458,0.574,AMi
304.0,0.237,0.488,0.458,0.574,AMi
304.5,0.237,0.488,0.457,0.574,AMi
305.0,0.237,0.488,0.457,0.574,AMi
305.5,0.237,0.487,0.455,0.573,AMi
306.0,0.237,0.486,0.454,0.572,AMi
306.5,0.238,0.485,0.455,0.572,AMi
307.0,0.238,0.485,0.458,0.572,AMi
307.5,0.238,0.484,0.458,0.572,AMi
308.0,0.238,0.484,0.457,0.573,AMi
308.5,0.237,0.484,0.456,0.573,AMi
309.0,0.237,0.483,0.456,0.573,AMi
309.5,0.238,0.483,0.457,0.573,AMi
310.0,0.238,0.483,0.457,0.573,AMi
310.5,0.238,0.482,0.458,0.574,AMi
311.0,0.239,0.481,0.458,0.575,AMi
311.5,0.239,0.48,0.459,0.576,AMi
312.0,0.24,0.48,0.46,0.578,AMi
312.5,0.239,0.48,0.463,0.579,AMi
313.0,0.239,0.481,0.464,0.58,AMi
313.5,0.239,0.482,0.463,0.582,AMi
314.0,0.24,0.482,0.464,0.583,AMi
314.5,0.242,0.481,0.466,0.585,AMi
315.0,0.243,0.481,0.467,0.586,AMi
315.5,0.243,0.48,0.469,0.587,AMi
316.0,0.242,0.481,0.47,0.587,AMi
316.5,0.24,0.482,0.469,0.588,AMi
317.0,0.24,0.484,0.47,0.589,AMi
317.5,0.242,0.484,0.472,0.589,AMi
318.0,0.243,0.485,0.471,0.59,AMi
318.5,0.245,0.485,0.47,0.591,AMi
319.0,0.246,0.486,0.472,0.593,AMi
319.5,0.246,0.487,0.472,0.594,AMi
320.0,0.246,0.488,0.47,0.594,AMi
320.5,0.246,0.488,0.47,0.593,AMi
321.0,0.246,0.488,0.473,0.592,AMi
321.5,0.245,0.49,0.474,0.592,AMi
322.0,0.245,0.493,0.471,0.592,AMi
322.5,0.246,0.495,0.469,0.592,AMi
323.0,0.246,0.496,0.468,0.591,AMi
323.5,0.246,0.496,0.468,0.591,AMi
324.0,0.245,0.496,0.469,0.59,AMi
324.5,0.244,0.496,0.467,0.588,AMi
325.0,0.243,0.498,0.463,0.586,AMi
325.5,0.243,0.499,0.462,0.584,AMi
326.0,0.244,0.499,0.464,0.582,AMi
326.5,0.244,0.499,0.463,0.58,AMi
327.0,0.243,0.5,0.458,0.577,AMi
327.5,0.241,0.5,0.455,0.574,AMi
328.0,0.238,0.5,0.453,0.571,AMi
328.5,0.236,0.501,0.451,0.568,AMi
329.0,0.235,0.502,0.45,0.565,AMi
329.5,0.235,0.503,0.448,0.561,AMi
330.0,0.235,0.504,0.447,0.557,AMi
330.5,0.234,0.505,0.443,0.553,AMi
331.0,0.231,0.506,0.437,0.549,AMi
331.5,0.228,0.507,0.433,0.544,AMi
332.0,0.224,0.508,0.429,0.54,AMi
332.5,0.221,0.508,0.427,0.536,AMi
333.0,0.219,0.508,0.424,0.531,AMi
333.5,0.218,0.509,0.418,0.525,AMi
334.0,0.217,0.51,0.41,0.517,AMi
334.5,0.216,0.511,0.406,0.51,AMi
335.0,0.214,0.512,0.405,0.504,AMi
335.5,0.211,0.512,0.402,0.499,AMi
336.0,0.208,0.512,0.397,0.495,AMi
336.5,0.205,0.512,0.389,0.491,AMi
337.0,0.203,0.512,0.384,0.487,AMi
337.5,0.201,0.511,0.383,0.481,AMi
338.0,0.2,0.511,0.377,0.474,AMi
338.5,0.198,0.51,0.371,0.465,AMi
339.0,0.195,0.51,0.367,0.454,AMi
339.5,0.19,0.509,0.358,0.444,AMi
340.0,0.184,0.507,0.351,0.434,AMi
340.5,0.177,0.506,0.347,0.427,AMi
341.0,0.17,0.51,0.34,0.424,AMi
341.5,0.163,0.516,0.344,0.424,AMi
342.0,0.157,0.521,0.345,0.421,AMi
342.5,0.155,0.52,0.326,0.412,AMi
343.0,0.158,0.517,0.309,0.398,AMi
343.5,0.166,0.513,0.313,0.383,AMi
344.0,0.172,0.51,0.317,0.372,AMi
344.5,0.171,0.511,0.304,0.367,AMi
345.0,0.167,0.513,0.296,0.367,AMi
345.5,0.162,0.514,0.309,0.365,AMi
346.0,0.158,0.51,0.307,0.36,AMi
346.5,0.152,0.503,0.281,0.35,AMi
347.0,0.142,0.499,0.274,0.34,AMi
347.5,0.133,0.502,0.275,0.332,AMi
348.0,0.128,0.509,0.257,0.325,AMi
348.5,0.128,0.517,0.249,0.318,AMi
349.0,0.13,0.524,0.264,0.311,AMi
349.5,0.132,0.527,0.27,0.306,AMi
350.0,0.131,0.528,0.26,0.301,AMi
350.5,0.131,0.527,0.243,0.296,AMi
351.0,0.131,0.525,0.224,0.29,AMi
351.5,0.131,0.524,0.213,0.282,AMi
352.0,0.128,0.523,0.218,0.273,AMi
352.5,0.124,0.522,0.222,0.266,AMi
353.0,0.121,0.521,0.208,0.259,AMi
353.5,0.12,0.521,0.195,0.253,AMi
354.0,0.12,0.52,0.192,0.248,AMi
354.5,0.118,0.515,0.191,0.244,AMi
355.0,0.115,0.509,0.201,0.24,AMi
355.5,0.112,0.503,0.215,0.235,AMi
356.0,0.111,0.502,0.211,0.23,AMi
356.5,0.109,0.506,0.193,0.226,AMi
357.0,0.107,0.51,0.179,0.223,AMi
357.5,0.104,0.512,0.176,0.219,AMi
358.0,0.102,0.511,0.175,0.213,AMi
358.5,0.099,0.51,0.176,0.205,AMi
359.0,0.095,0.512,0.176,0.197,AMi
359.5,0.092,0.514,0.166,0.191,AMi
360.0,0.088,0.514,0.164,0.189,AMi
360.5,0.085,0.511,0.176,0.19,AMi
361.0,0.083,0.507,0.178,0.192,AMi
361.5,0.085,0.502,0.172,0.192,AMi
362.0,0.091,0.498,0.173,0.19,AMi
362.5,0.098,0.496,0.173,0.185,AMi
363.0,0.103,0.495,0.162,0.179,AMi
363.5,0.102,0.494,0.152,0.172,AMi
364.0,0.094,0.495,0.151,0.165,AMi
364.5,0.083,0.498,0.146,0.161,AMi
365.0,0.077,0.504,0.134,0.16,AMi
365.5,0.077,0.512,0.135,0.162,AMi
366.0,0.081,0.515,0.145,0.162,AMi
366.5,0.082,0.511,0.134,0.162,AMi
367.0,0.077,0.506,0.104,0.164,AMi
367.5,0.068,0.506,0.094,0.166,AMi
368.0,0.06,0.512,0.115,0.165,AMi
368.5,0.058,0.517,0.136,0.159,AMi
369.0,0.06,0.513,0.135,0.148,AMi
369.5,0.064,0.5,0.124,0.139,AMi
370.0,0.068,0.486,0.121,0.136,AMi
370.5,0.071,0.481,0.114,0.137,AMi
371.0,0.07,0.484,0.107,0.137,AMi
371.5,0.067,0.487,0.107,0.131,AMi
372.0,0.067,0.484,0.101,0.125,AMi
372.5,0.073,0.475,0.096,0.126,AMi
373.0,0.084,0.468,0.103,0.136,AMi
373.5,0.091,0.468,0.102,0.149,AMi
374.0,0.091,0.474,0.088,0.153,AMi
374.5,0.086,0.479,0.089,0.144,AMi
375.0,0.079,0.48,0.096,0.128,AMi
375.5,0.075,0.478,0.082,0.119,AMi
376.0,0.074,0.472,0.075,0.119,AMi
376.5,0.074,0.466,0.091,0.122,AMi
377.0,0.071,0.462,0.096,0.123,AMi
377.5,0.065,0.46,0.087,0.124,AMi
378.0,0.063,0.459,0.097,0.124,AMi
378.5,0.065,0.455,0.123,0.122,AMi
379.0,0.066,0.449,0.119,0.117,AMi
379.5,0.061,0.443,0.092,0.112,AMi
380.0,0.048,0.442,0.087,0.113,AMi
380.5,0.038,0.441,0.087,0.118,AMi
381.0,0.04,0.437,0.078,0.117,AMi
381.5,0.055,0.427,0.081,0.107,AMi
382.0,0.069,0.419,0.094,0.097,AMi
382.5,0.072,0.419,0.102,0.095,AMi
383.0,0.06,0.426,0.102,0.101,AMi
383.5,0.046,0.436,0.096,0.106,AMi
384.0,0.039,0.439,0.082,0.106,AMi
384.5,0.043,0.431,0.063,0.099,AMi
385.0,0.049,0.418,0.065,0.092,AMi
385.5,0.051,0.406,0.095,0.087,AMi
386.0,0.048,0.4,0.107,0.086,AMi
386.5,0.043,0.394,0.092,0.087,AMi
387.0,0.042,0.388,0.078,0.086,AMi
387.5,0.044,0.386,0.071,0.083,AMi
388.0,0.046,0.388,0.074,0.079,AMi
388.5,0.045,0.388,0.087,0.078,AMi
389.0,0.041,0.383,0.099,0.082,AMi
389.5,0.038,0.371,0.106,0.089,AMi
390.0,0.038,0.359,0.099,0.093,AMi
390.5,0.041,0.349,0.074,0.094,AMi
391.0,0.048,0.345,0.061,0.093,AMi
391.5,0.055,0.345,0.072,0.09,AMi
392.0,0.059,0.345,0.072,0.086,AMi
392.5,0.06,0.344,0.063,0.084,AMi
393.0,0.062,0.342,0.077,0.086,AMi
393.5,0.066,0.34,0.089,0.089,AMi
394.0,0.069,0.339,0.082,0.089,AMi
394.5,0.064,0.338,0.078,0.083,AMi
395.0,0.051,0.333,0.071,0.077,AMi
395.5,0.036,0.325,0.063,0.075,AMi
396.0,0.029,0.317,0.069,0.077,AMi
396.5,0.029,0.309,0.078,0.078,AMi
397.0,0.03,0.301,0.077,0.074,AMi
397.5,0.03,0.297,0.065,0.067,AMi
398.0,0.028,0.296,0.058,0.064,AMi
398.5,0.028,0.299,0.058,0.065,AMi
399.0,0.027,0.3,0.059,0.068,AMi
399.5,0.026,0.297,0.068,0.071,AMi
400.0,0.025,0.286,0.084,0.075,AMi
400.5,0.024,0.273,0.082,0.077,AMi
401.0,0.025,0.263,0.063,0.077,AMi
401.5,0.028,0.258,0.062,0.074,AMi
402.0,0.029,0.253,0.083,0.072,AMi
402.5,0.032,0.245,0.094,0.072,AMi
403.0,0.035,0.235,0.084,0.074,AMi
403.5,0.038,0.229,0.065,0.074,AMi
404.0,0.039,0.228,0.056,0.072,AMi
404.5,0.037,0.227,0.06,0.068,AMi
405.0,0.034,0.223,0.071,0.064,AMi
405.5,0.032,0.218,0.077,0.06,AMi
406.0,0.03,0.213,0.069,0.055,AMi
406.5,,,0.046,,AMi
407.0,,,0.029,,AMi
407.5,,,0.032,,AMi
408.0,,,0.042,,AMi
408.5,,,,,AMi
409.0,,,,,AMi
409.5,,,,,AMi
410.0,,,,,AMi
200.0,,,,,AOx
200.5,,,,,AOx
201.0,,,,,AOx
201.5,,,,,AOx
202.0,,,,,AOx
202.5,,,,,AOx
203.0,,,,,AOx
203.5,,,,,AOx
204.0,1.348,,,,AOx
204.5,1.313,,,,AOx
205.0,1.265,,,,AOx
205.5,1.211,,,,AOx
206.0,1.159,,,,AOx
206.5,1.11,,,,AOx
207.0,1.067,,,,AOx
207.5,1.028,,,,AOx
208.0,0.992,,,,AOx
208.5,0.958,,,,AOx
209.0,0.929,,,,AOx
209.5,0.903,,,,AOx
210.0,0.878,,,,AOx
210.5,0.851,,,,AOx
211.0,0.823,,,,AOx
211.5,0.796,,,,AOx
212.0,0.773,,,,AOx
212.5,0.751,,,,AOx
213.0,0.729,,,,AOx
213.5,0.708,,,,AOx
214.0,0.689,,,,AOx
214.5,0.671,,,,AOx
215.0,0.654,,,,AOx
215.5,0.637,,,,AOx
216.0,0.62,,,,AOx
216.5,0.603,,,,AOx
217.0,0.588,,,,AOx
217.5,0.574,,,,AOx
218.0,0.56,,,,AOx
218.5,0.546,,,,AOx
219.0,0.533,1.912,,,AOx
219.5,0.519,1.854,,,AOx
220.0,0.505,1.8,,,AOx
220.5,0.492,1.748,,,AOx
221.0,0.48,1.698,,,AOx
221.5,0.468,1.65,1.581,,AOx
222.0,0.457,1.604,1.531,,AOx
222.5,0.446,1.56,1.484,,AOx
223.0,0.435,1.52,1.441,,AOx
223.5,0.425,1.483,1.402,,AOx
224.0,0.416,1.449,1.366,,AOx
224.5,0.406,1.416,1.333,,AOx
225.0,0.397,1.385,1.303,1.755,AOx
225.5,0.389,1.357,1.275,1.702,AOx
226.0,0.382,1.332,1.25,1.658,AOx
226.5,0.375,1.31,1.228,1.619,AOx
227.0,0.369,1.29,1.208,1.584,AOx
227.5,0.363,1.271,1.19,1.551,AOx
228.0,0.358,1.254,1.172,1.523,AOx
228.5,0.353,1.237,1.155,1.496,AOx
229.0,0.348,1.221,1.14,1.472,AOx
229.5,0.343,1.205,1.125,1.448,AOx
230.0,0.339,1.191,1.112,1.427,AOx
230.5,0.334,1.177,1.099,1.406,AOx
231.0,0.33,1.164,1.086,1.385,AOx
231.5,0.326,1.151,1.074,1.365,AOx
232.0,0.322,1.138,1.061,1.346,AOx
232.5,0.319,1.125,1.048,1.327,AOx
233.0,0.315,1.112,1.036,1.308,AOx
233.5,0.311,1.098,1.024,1.289,AOx
234.0,0.307,1.085,1.011,1.271,AOx
234.5,0.303,1.072,0.999,1.253,AOx
235.0,0.299,1.059,0.987,1.236,AOx
235.5,0.295,1.047,0.976,1.219,AOx
236.0,0.291,1.035,0.964,1.202,AOx
236.5,0.288,1.024,0.954,1.186,AOx
237.0,0.285,1.013,0.943,1.171,AOx
237.5,0.282,1.002,0.934,1.157,AOx
238.0,0.279,0.992,0.924,1.144,AOx
238.5,0.276,0.982,0.915,1.132,AOx
239.0,0.273,0.973,0.907,1.12,AOx
239.5,0.271,0.965,0.899,1.108,AOx
240.0,0.268,0.956,0.891,1.097,AOx
240.5,0.266,0.948,0.884,1.086,AOx
241.0,0.264,0.941,0.876,1.077,AOx
241.5,0.262,0.933,0.87,1.067,AOx
242.0,0.26,0.926,0.863,1.058,AOx
242.5,0.258,0.92,0.857,1.05,AOx
243.0,0.256,0.913,0.851,1.041,AOx
243.5,0.255,0.907,0.845,1.033,AOx
244.0,0.253,0.901,0.84,1.025,AOx
244.5,0.251,0.895,0.835,1.018,AOx
245.0,0.25,0.89,0.83,1.012,AOx
245.5,0.249,0.885,0.825,1.007,AOx
246.0,0.248,0.88,0.821,1.002,AOx
246.5,0.246,0.876,0.817,0.997,AOx
247.0,0.245,0.871,0.813,0.992,AOx
247.5,0.244,0.866,0.809,0.987,AOx
248.0,0.243,0.862,0.806,0.983,AOx
248.5,0.242,0.858,0.803,0.98,AOx
249.0,0.241,0.855,0.8,0.976,AOx
249.5,0.24,0.851,0.797,0.973,AOx
250.0,0.24,0.848,0.794,0.969,AOx
250.5,0.239,0.844,0.792,0.965,AOx
251.0,0.238,0.841,0.789,0.962,AOx
251.5,0.238,0.838,0.786,0.959,AOx
252.0,0.237,0.835,0.783,0.957,AOx
252.5,0.237,0.832,0.781,0.955,AOx
253.0,0.236,0.83,0.779,0.954,AOx
253.5,0.236,0.828,0.777,0.953,AOx
254.0,0.236,0.826,0.777,0.952,AOx
254.5,0.236,0.825,0.776,0.952,AOx
255.0,0.236,0.825,0.776,0.952,AOx
255.5,0.236,0.826,0.776,0.954,AOx
256.0,0.237,0.827,0.778,0.955,AOx
256.5,0.238,0.828,0.779,0.957,AOx
257.0,0.238,0.829,0.781,0.96,AOx
257.5,0.239,0.832,0.784,0.963,AOx
258.0,0.24,0.834,0.786,0.968,AOx
258.5,0.241,0.838,0.789,0.973,AOx
259.0,0.242,0.842,0.793,0.978,AOx
259.5,0.244,0.847,0.797,0.983,AOx
260.0,0.245,0.852,0.801,0.99,AOx
260.5,0.247,0.858,0.807,0.997,AOx
261.0,0.25,0.864,0.813,1.005,AOx
261.5,0.252,0.871,0.819,1.013,AOx
262.0,0.254,0.878,0.826,1.023,AOx
262.5,0.257,0.886,0.834,1.033,AOx
263.0,0.259,0.895,0.841,1.043,AOx
263.5,0.262,0.904,0.848,1.054,AOx
264.0,0.264,0.913,0.855,1.064,AOx
264.5,0.267,0.921,0.862,1.074,AOx
265.0,0.269,0.929,0.869,1.083,AOx
265.5,0.271,0.936,0.876,1.093,AOx
266.0,0.273,0.943,0.883,1.102,AOx
266.5,0.275,0.951,0.89,1.11,AOx
267.0,0.277,0.958,0.897,1.118,AOx
267.5,0.28,0.966,0.904,1.128,AOx
268.0,0.282,0.975,0.911,1.138,AOx
268.5,0.284,0.983,0.918,1.148,AOx
269.0,0.286,0.992,0.926,1.159,AOx
269.5,0.288,1.0,0.934,1.17,AOx
270.0,0.29,1.009,0.941,1.181,AOx
270.5,0.293,1.018,0.948,1.191,AOx
271.0,0.296,1.026,0.954,1.201,AOx
271.5,0.298,1.033,0.959,1.21,AOx
272.0,0.3,1.038,0.964,1.218,AOx
272.5,0.302,1.043,0.969,1.225,AOx
273.0,0.303,1.047,0.973,1.23,AOx
273.5,0.303,1.051,0.976,1.235,AOx
274.0,0.303,1.054,0.978,1.239,AOx
274.5,0.303,1.057,0.98,1.242,AOx
275.0,0.303,1.06,0.982,1.244,AOx
275.5,0.304,1.061,0.984,1.247,AOx
276.0,0.305,1.063,0.985,1.249,AOx
276.5,0.306,1.065,0.986,1.252,AOx
277.0,0.306,1.066,0.987,1.255,AOx
277.5,0.307,1.067,0.987,1.257,AOx
278.0,0.306,1.067,0.987,1.259,AOx
278.5,0.306,1.067,0.987,1.259,AOx
279.0,0.305,1.068,0.986,1.258,AOx
279.5,0.305,1.068,0.985,1.257,AOx
280.0,0.305,1.066,0.984,1.257,AOx
280.5,0.305,1.064,0.983,1.257,AOx
281.0,0.304,1.062,0.98,1.256,AOx
281.5,0.304,1.059,0.978,1.254,AOx
282.0,0.302,1.056,0.975,1.251,AOx
282.5,0.3,1.054,0.971,1.246,AOx
283.0,0.299,1.05,0.967,1.241,AOx
283.5,0.297,1.045,0.962,1.236,AOx
284.0,0.296,1.04,0.957,1.231,AOx
284.5,0.294,1.034,0.952,1.226,AOx
285.0,0.292,1.028,0.947,1.22,AOx
285.5,0.29,1.021,0.941,1.213,AOx
286.0,0.287,1.015,0.935,1.207,AOx
286.5,0.285,1.008,0.928,1.2,AOx
287.0,0.283,1.001,0.921,1.192,AOx
287.5,0.281,0.994,0.914,1.185,AOx
288.0,0.279,0.986,0.908,1.177,AOx
288.5,0.276,0.979,0.902,1.169,AOx
289.0,0.273,0.971,0.895,1.161,AOx
289.5,0.271,0.964,0.888,1.153,AOx
290.0,0.269,0.957,0.881,1.147,AOx
290.5,0.268,0.95,0.874,1.14,AOx
291.0,0.266,0.943,0.867,1.133,AOx
291.5,0.264,0.936,0.861,1.126,AOx
292.0,0.262,0.929,0.855,1.119,AOx
292.5,0.26,0.923,0.85,1.113,AOx
293.0,0.259,0.917,0.845,1.107,AOx
293.5,0.257,0.912,0.84,1.101,AOx
294.0,0.255,0.908,0.835,1.096,AOx
294.5,0.253,0.903,0.831,1.091,AOx
295.0,0.251,0.897,0.826,1.086,AOx
295.5,0.25,0.892,0.822,1.082,AOx
296.0,0.25,0.888,0.818,1.078,AOx
296.5,0.249,0.884,0.815,1.075,AOx
297.0,0.249,0.88,0.812,1.072,AOx
297.5,0.248,0.877,0.809,1.068,AOx
298.0,0.247,0.874,0.806,1.065,AOx
298.5,0.245,0.871,0.803,1.063,AOx
299.0,0.244,0.868,0.8,1.06,AOx
299.5,0.243,0.865,0.798,1.058,AOx
300.0,0.241,0.862,0.796,1.055,AOx
300.5,0.241,0.861,0.795,1.053,AOx
301.0,0.241,0.86,0.794,1.051,AOx
301.5,0.242,0.859,0.793,1.05,AOx
302.0,0.242,0.857,0.791,1.05,AOx
302.5,0.242,0.856,0.79,1.049,AOx
303.0,0.241,0.854,0.789,1.048,AOx
303.5,0.241,0.854,0.789,1.047,AOx
304.0,0.24,0.853,0.789,1.046,AOx
304.5,0.24,0.854,0.789,1.044,AOx
305.0,0.24,0.854,0.789,1.044,AOx
305.5,0.24,0.855,0.788,1.044,AOx
306.0,0.241,0.855,0.788,1.045,AOx
306.5,0.241,0.854,0.788,1.045,AOx
307.0,0.242,0.854,0.787,1.045,AOx
307.5,0.242,0.854,0.787,1.046,AOx
308.0,0.243,0.854,0.788,1.047,AOx
308.5,0.243,0.856,0.789,1.048,AOx
309.0,0.243,0.857,0.791,1.049,AOx
309.5,0.242,0.859,0.792,1.05,AOx
310.0,0.243,0.86,0.794,1.052,AOx
310.5,0.243,0.861,0.796,1.055,AOx
311.0,0.243,0.863,0.797,1.058,AOx
311.5,0.243,0.865,0.799,1.06,AOx
312.0,0.243,0.867,0.801,1.061,AOx
312.5,0.243,0.869,0.804,1.062,AOx
313.0,0.244,0.873,0.806,1.063,AOx
313.5,0.246,0.876,0.808,1.065,AOx
314.0,0.247,0.878,0.809,1.068,AOx
314.5,0.248,0.881,0.809,1.072,AOx
315.0,0.249,0.883,0.81,1.076,AOx
315.5,0.25,0.885,0.812,1.079,AOx
316.0,0.252,0.887,0.814,1.081,AOx
316.5,0.253,0.888,0.816,1.082,AOx
317.0,0.254,0.889,0.819,1.083,AOx
317.5,0.255,0.891,0.821,1.084,AOx
318.0,0.255,0.892,0.822,1.085,AOx
318.5,0.256,0.893,0.822,1.086,AOx
319.0,0.256,0.894,0.821,1.088,AOx
319.5,0.257,0.894,0.821,1.089,AOx
320.0,0.256,0.895,0.823,1.089,AOx
320.5,0.256,0.894,0.824,1.088,AOx
321.0,0.256,0.894,0.825,1.086,AOx
321.5,0.257,0.894,0.825,1.086,AOx
322.0,0.257,0.894,0.824,1.086,AOx
322.5,0.257,0.894,0.823,1.087,AOx
323.0,0.255,0.892,0.822,1.087,AOx
323.5,0.253,0.89,0.822,1.085,AOx
324.0,0.252,0.887,0.821,1.083,AOx
324.5,0.252,0.884,0.82,1.08,AOx
325.0,0.253,0.881,0.817,1.077,AOx
325.5,0.253,0.878,0.814,1.073,AOx
326.0,0.252,0.874,0.81,1.068,AOx
326.5,0.25,0.871,0.807,1.063,AOx
327.0,0.249,0.867,0.803,1.058,AOx
327.5,0.249,0.864,0.799,1.053,AOx
328.0,0.249,0.86,0.794,1.047,AOx
328.5,0.248,0.856,0.789,1.04,AOx
329.0,0.247,0.852,0.785,1.032,AOx
329.5,0.245,0.846,0.781,1.026,AOx
330.0,0.244,0.838,0.775,1.019,AOx
330.5,0.242,0.83,0.769,1.012,AOx
331.0,0.239,0.821,0.762,1.004,AOx
331.5,0.236,0.813,0.755,0.996,AOx
332.0,0.234,0.805,0.75,0.987,AOx
332.5,0.231,0.798,0.745,0.979,AOx
333.0,0.229,0.791,0.739,0.968,AOx
333.5,0.227,0.783,0.732,0.957,AOx
334.0,0.225,0.774,0.723,0.946,AOx
334.5,0.222,0.764,0.713,0.936,AOx
335.0,0.22,0.753,0.703,0.926,AOx
335.5,0.217,0.742,0.696,0.917,AOx
336.0,0.215,0.732,0.689,0.906,AOx
336.5,0.212,0.723,0.681,0.895,AOx
337.0,0.21,0.713,0.671,0.883,AOx
337.5,0.207,0.704,0.66,0.87,AOx
338.0,0.204,0.694,0.651,0.856,AOx
338.5,0.202,0.684,0.645,0.842,AOx
339.0,0.2,0.673,0.643,0.827,AOx
339.5,0.2,0.662,0.641,0.812,AOx
340.0,0.199,0.65,0.634,0.799,AOx
340.5,0.194,0.638,0.618,0.787,AOx
341.0,0.185,0.626,0.598,0.774,AOx
341.5,0.176,0.612,0.58,0.759,AOx
342.0,0.169,0.597,0.567,0.742,AOx
342.5,0.166,0.583,0.56,0.725,AOx
343.0,0.166,0.57,0.555,0.707,AOx
343.5,0.165,0.556,0.549,0.688,AOx
344.0,0.163,0.541,0.539,0.67,AOx
344.5,0.159,0.527,0.525,0.657,AOx
345.0,0.154,0.516,0.51,0.648,AOx
345.5,0.148,0.509,0.498,0.643,AOx
346.0,0.14,0.502,0.491,0.637,AOx
346.5,0.133,0.493,0.487,0.628,AOx
347.0,0.127,0.482,0.48,0.615,AOx
347.5,0.122,0.473,0.472,0.599,AOx
348.0,0.12,0.464,0.463,0.584,AOx
348.5,0.121,0.455,0.453,0.572,AOx
349.0,0.123,0.443,0.443,0.563,AOx
349.5,0.124,0.429,0.432,0.554,AOx
350.0,0.122,0.418,0.419,0.54,AOx
350.5,0.118,0.408,0.406,0.522,AOx
351.0,0.116,0.399,0.396,0.503,AOx
351.5,0.115,0.389,0.388,0.486,AOx
352.0,0.114,0.38,0.383,0.474,AOx
352.5,0.113,0.371,0.378,0.467,AOx
353.0,0.115,0.36,0.369,0.459,AOx
353.5,0.119,0.346,0.356,0.451,AOx
354.0,0.121,0.332,0.343,0.441,AOx
354.5,0.119,0.321,0.333,0.432,AOx
355.0,0.113,0.315,0.326,0.423,AOx
355.5,0.108,0.31,0.32,0.415,AOx
356.0,0.103,0.305,0.313,0.408,AOx
356.5,0.099,0.3,0.306,0.401,AOx
357.0,0.094,0.297,0.301,0.395,AOx
357.5,0.09,0.293,0.3,0.389,AOx
358.0,0.087,0.285,0.298,0.381,AOx
358.5,0.087,0.272,0.294,0.369,AOx
359.0,0.089,0.258,0.285,0.355,AOx
359.5,0.091,0.247,0.274,0.345,AOx
360.0,0.091,0.242,0.264,0.339,AOx
360.5,0.086,0.238,0.259,0.336,AOx
361.0,0.079,0.234,0.255,0.331,AOx
361.5,0.074,0.228,0.252,0.325,AOx
362.0,0.073,0.22,0.246,0.318,AOx
362.5,0.076,0.212,0.239,0.312,AOx
363.0,0.079,0.206,0.231,0.307,AOx
363.5,0.079,0.203,0.226,0.302,AOx
364.0,0.077,0.204,0.225,0.298,AOx
364.5,0.074,0.206,0.226,0.294,AOx
365.0,0.073,0.205,0.226,0.289,AOx
365.5,0.075,0.199,0.224,0.278,AOx
366.0,0.076,0.189,0.218,0.266,AOx
366.5,0.073,0.181,0.212,0.256,AOx
367.0,0.064,0.176,0.205,0.253,AOx
367.5,0.056,0.172,0.2,0.255,AOx
368.0,0.052,0.166,0.199,0.256,AOx
368.5,0.053,0.159,0.202,0.253,AOx
369.0,0.056,0.153,0.205,0.245,AOx
369.5,0.06,0.15,0.204,0.238,AOx
370.0,0.066,0.151,0.201,0.234,AOx
370.5,0.073,0.155,0.202,0.232,AOx
371.0,0.078,0.159,0.21,0.23,AOx
371.5,0.075,0.162,0.223,0.227,AOx
372.0,0.065,0.164,0.228,0.223,AOx
372.5,0.055,0.163,0.218,0.217,AOx
373.0,0.054,0.157,0.199,0.212,AOx
373.5,0.066,0.142,0.183,0.212,AOx
374.0,0.082,0.127,0.175,0.214,AOx
374.5,0.089,0.119,0.17,0.216,AOx
375.0,0.083,0.122,0.163,0.216,AOx
375.5,0.071,0.131,0.154,0.213,AOx
376.0,0.065,0.137,0.146,0.209,AOx
376.5,0.065,0.133,0.146,0.206,AOx
377.0,0.07,0.124,0.156,0.2,AOx
377.5,0.073,0.116,0.172,0.189,AOx
378.0,0.071,0.115,0.184,0.175,AOx
378.5,0.064,0.116,0.189,0.166,AOx
379.0,0.053,0.114,0.185,0.166,AOx
379.5,0.045,0.112,0.174,0.169,AOx
380.0,0.041,0.111,0.16,0.165,AOx
380.5,0.039,0.113,0.148,0.159,AOx
381.0,0.035,0.113,0.138,0.158,AOx
381.5,0.033,0.113,0.129,0.166,AOx
382.0,0.037,0.114,0.119,0.176,AOx
382.5,0.044,0.12,0.114,0.178,AOx
383.0,0.048,0.13,0.117,0.172,AOx
383.5,0.046,0.135,0.122,0.164,AOx
384.0,0.043,0.129,0.125,0.16,AOx
384.5,0.043,0.116,0.126,0.159,AOx
385.0,0.047,0.105,0.129,0.16,AOx
385.5,0.051,0.101,0.136,0.159,AOx
386.0,0.049,0.102,0.145,0.157,AOx
386.5,0.043,0.1,0.145,0.155,AOx
387.0,0.035,0.096,0.135,0.151,AOx
387.5,0.03,0.093,0.115,0.15,AOx
388.0,0.031,0.09,0.098,0.152,AOx
388.5,0.035,0.086,0.091,0.157,AOx
389.0,0.039,0.079,0.093,0.16,AOx
389.5,0.041,0.073,0.098,0.16,AOx
390.0,0.043,0.075,0.101,0.154,AOx
390.5,0.048,0.081,0.102,0.146,AOx
391.0,0.05,0.088,0.106,0.136,AOx
391.5,0.047,0.092,0.112,0.128,AOx
392.0,0.036,0.097,0.115,0.125,AOx
392.5,0.023,0.102,0.112,0.125,AOx
393.0,0.017,0.102,0.105,0.127,AOx
393.5,0.02,0.096,0.101,0.128,AOx
394.0,0.031,0.09,0.1,0.127,AOx
394.5,0.043,0.087,0.1,0.128,AOx
395.0,0.05,0.088,0.099,0.129,AOx
395.5,0.051,0.091,0.099,0.129,AOx
396.0,0.047,0.095,0.103,0.125,AOx
396.5,0.042,0.098,0.107,0.119,AOx
397.0,0.037,0.097,0.109,0.113,AOx
397.5,0.032,0.093,0.106,0.109,AOx
398.0,0.027,0.088,0.1,0.109,AOx
398.5,0.022,0.084,0.091,0.11,AOx
399.0,0.018,0.08,0.084,0.11,AOx
399.5,0.017,0.075,0.077,0.107,AOx
400.0,0.016,0.07,0.073,0.104,AOx
400.5,0.017,0.067,0.07,0.106,AOx
401.0,0.018,0.068,0.071,0.11,AOx
401.5,0.022,0.071,0.075,0.114,AOx
402.0,0.025,0.074,0.081,0.111,AOx
402.5,0.027,0.075,0.085,0.105,AOx
403.0,0.027,0.072,0.083,0.101,AOx
403.5,0.028,0.068,0.08,0.101,AOx
404.0,0.029,0.066,0.078,0.105,AOx
404.5,0.029,0.068,0.079,0.11,AOx
405.0,0.029,0.072,0.08,0.112,AOx
405.5,0.029,0.078,0.079,0.109,AOx
406.0,0.029,0.081,0.076,0.103,AOx
406.5,,,,,AOx
407.0,,,,,AOx
407.5,,,,,AOx
408.0,,,,,AOx
408.5,,,,,AOx
409.0,,,,,AOx
409.5,,,,,AOx
410.0,,,,,AOx
